"PC1","PC2","PC3","class"
-0.519267841703363,-0.535443410695393,0.147219152145761,"W"
-0.81590865982081,-0.235856929052756,0.236412921991537,"W"
-0.663043762539337,-0.34258637235996,0.235920143975831,"W"
-1.10857935292665,0.0240636150768982,0.309700743784575,"W"
-1.18464004602273,0.134813149379957,0.412740161096461,"L"
-0.639655632900958,-0.3868598092144,0.206238542490319,"W"
-0.634115984129131,-0.405447004242724,0.209520296697332,"W"
-0.680337692696571,-0.405674877228868,0.154944860073136,"W"
-0.775934051698673,-0.24337336208777,0.263801274800962,"W"
-1.15910415284392,0.0933585987051848,0.381049232936993,"L"
-0.585624776718291,-0.653700573709783,0.15739785706028,"W"
-0.747894627753945,-0.523702070828073,0.195039448481858,"W"
-0.924224429810776,-0.334375536511955,0.287682186997923,"W"
-1.20829878723353,-0.0565592549839621,0.381859273771434,"W"
-1.28152499741465,0.0414545506747692,0.480500991741541,"L"
-0.174087230014691,-1.14307643429267,-0.00397060583934447,"W"
-0.616152793095289,-0.62880200940058,0.214979982790842,"W"
-0.747894627753945,-0.523702070828073,0.195039448481858,"W"
-0.942644952733924,-0.268526897868943,0.353085902869222,"W"
-0.846384821098288,-0.385229005876073,0.321162574826243,"W"
-1.15910415284392,-0.0933585987051899,0.381049232936992,"W"
-1.28152499741465,0.0414545506747692,0.480500991741541,"W"
-0.872819003090598,-0.336731960792958,0.331562105446043,"W"
-1.04643266108987,-0.276637799702582,0.202023057203996,"W"
-0.846384821098288,-0.385229005876073,0.321162574826243,"W"
-0.981940805914712,-0.233487529346868,0.329627272000409,"L"
-0.475470412201791,-0.972532915200583,-0.0824098535762686,"W"
-0.46324251181056,-0.918558683211362,0.0650921199672401,"W"
-0.878488422957866,-0.442316023855539,0.294086903075586,"W"
-1.18464004602273,-0.134813149379962,0.412740161096461,"W"
-1.28152499741465,-0.0414545506747744,0.480500991741541,"W"
-0.459572804079899,-0.898157251533616,0.114720489687989,"W"
-0.758428624557178,-0.604223627205767,0.109034664050721,"W"
-0.878488422957866,-0.442316023855539,0.294086903075586,"W"
-1.00845883999434,-0.295600267462887,0.381804382535801,"W"
-1.06684094857166,-0.227799424377712,0.400175781661237,"W"
-1.23100019749738,-0.110749534303061,0.409152502589124,"W"
-1.28152499741465,-0.0414545506747744,0.480500991741541,"L"
-0.720707167818913,-0.565905204469545,0.226498316872179,"L"
0.164490238201158,-0.494551714229753,-0.425224266025434,"W"
-0.25109873565757,0.0434237364385287,-0.123761385898083,"L"
-0.212283293373785,-0.0388097731135212,-0.180578547811406,"W"
-0.678641104703322,0.437984711766712,0.0190876370110358,"L"
-0.136336505880449,-0.76585674889485,-0.0905754298873854,"W"
-0.076058947882774,-0.868199692587678,-0.202758579613932,"W"
-0.712592800896712,-0.076773620303697,0.335552281236443,"L"
-0.26705125803246,-0.578273821086766,-0.018844294534626,"W"
-0.410596450319153,-0.395905870653871,0.106093605825177,"W"
-0.698109562369747,-0.142870654055005,0.223848542556314,"W"
-1.06684094857166,0.227799424377708,0.400175781661238,"L"
-0.15400211703089,-0.809990087539168,-0.308621160027282,"W"
-0.294217540902553,-0.583714279254264,-0.00971123815641958,"W"
-0.67760110348617,-0.133160644372398,0.26576892030383,"W"
-0.497380803562448,-0.325132184241947,0.134870224301609,"W"
-0.190878424216927,0.261672076494736,-0.16442880011931,"L"
0.0581175836133049,-0.10046273559285,-0.496341858039907,"L"
-0.197300853135881,0.185438901493073,-0.249064394865866,"W"
-0.402019014962096,0.450984848080261,-0.142142813583673,"L"
-0.270026487107287,-0.963497054069088,-0.161512570763804,"W"
-0.995907861172593,-0.207342816074296,0.130674568051578,"W"
-0.740700749620843,-0.4663840193014,-0.0266573927421055,"W"
-1.10857935292665,-0.0240636150769034,0.309700743784575,"L"
-0.709403914013987,-0.366649987436861,0.232332485468494,"W"
-0.4035466630212,-0.771207469033605,-0.0490378445213401,"W"
-0.64680001868223,-0.507755112952856,0.0831331474502246,"W"
-0.748805068598138,-0.412783125593252,0.0751751317494189,"W"
-1.11315783001177,-0.0309606280726228,0.282799332272666,"W"
-1.23100019749738,0.110749534303056,0.409152502589124,"L"
-0.625629121604048,-0.51081294077365,0.11445590203297,"L"
-0.470570308079925,-0.258416482351837,0.0813884202463919,"W"
-0.485291464064075,-0.256934900826522,0.0414023832332662,"W"
-0.981525398892172,0.197982902134401,0.208066222622788,"L"
-0.470570308079925,-0.258416482351837,0.0813884202463919,"W"
-0.275371177799217,-0.50990079123612,-0.150293117501484,"W"
-0.619611432756927,-0.13068684875771,0.147369523677596,"L"
-0.275371177799217,-0.50990079123612,-0.150293117501484,"W"
-0.391602239303628,-0.372470693771953,0.00122537426223704,"L"
0.0405394715334816,-0.600017543444156,-0.413502168128412,"W"
-0.479660256995047,0.0207736699644015,-0.0293610387312845,"L"
0.209960066554616,-0.729821157652792,-0.284046663445335,"W"
-0.22981356223729,-0.177548465301392,-0.0573617366741875,"W"
-0.499526730306582,0.084903182352211,0.0398050917986406,"L"
-0.245671780221132,-0.195067270869553,-0.0293740416021572,"L"
-0.279639117558896,-0.517147112279447,-0.199873820151145,"W"
-0.995907861172593,0.207342816074291,0.130674568051578,"L"
-0.0723306887118785,-0.721027545304518,-0.219825514859409,"W"
-0.486687152645571,-0.251307870176986,-0.010053701883386,"L"
-0.220663586742501,-0.599604168763218,-0.294296664035788,"W"
-0.804224976174513,-0.0109903671385957,0.00936058962434182,"L"
-0.502508409259456,-0.234839258242305,-0.0315915719961649,"W"
-0.0390147578645716,-0.743130299469216,-0.191113650062673,"W"
-1.04643266108987,0.276637799702578,0.202023057203996,"L"
-0.454435856603372,-0.720469286489754,-0.0201970861799914,"W"
-0.422611400639412,-0.742589472577335,0.000729240365264346,"W"
-0.981525398892171,-0.197982902134406,0.208066222622788,"W"
-1.20829878723353,0.0565592549839573,0.381859273771435,"L"
-0.297700814998223,-0.894129217950012,-0.148754240225421,"W"
-0.647480957637793,-0.467891398810813,0.127856598902073,"W"
-0.688850267290567,-0.423659152935627,0.207048583324761,"W"
-0.712238396928946,-0.379385716081187,0.236730184810273,"W"
-0.537934459715975,-0.597141318725823,0.0904470672496419,"L"
-0.304480200959264,-0.450994171961103,0.00727692706579375,"W"
-0.486862556510952,-0.181799254277034,0.204984365415172,"L"
-0.0544153636511207,-0.683621922455185,-0.0490328040148214,"W"
-0.321256651471595,-0.402913453540026,0.050443326653922,"W"
-0.740715261900182,-0.0334824500530626,0.15745098679668,"W"
-1.00845883999434,0.295600267462882,0.381804382535802,"L"
-0.00882097443754744,-0.743519628218985,-0.0717351176870714,"W"
-0.46307410346298,-0.240670870240979,0.112602189310226,"W"
-0.345309470224678,-0.372867134102203,0.0763218162051439,"W"
-0.740715261900182,-0.0334824500530626,0.15745098679668,"W"
-0.424277539000974,-0.258812922682086,0.156484862189299,"W"
0.268112285960534,-0.66248713006717,-0.335817704297274,"W"
-0.373250663041577,0.0698124636342533,0.0782125903820757,"W"
0.0433489755977784,-0.402126519314899,-0.210160026272904,"W"
-0.483739785625427,0.200944600659042,0.126124919227058,"L"
-0.168571458265188,-0.136055460762231,-0.0855171691635267,"L"
-0.475470412201796,0.97253291520058,-0.0824098535762686,"L"
0.228508226833282,0.225938475776595,-0.456937309046277,"L"
0.254126998838999,-0.157004238279125,-0.30534747194533,"W"
-0.255627299349199,0.392378212196751,-0.0636359818147305,"L"
-0.209726968118329,0.326654724396014,-0.0885675373726212,"L"
-0.0522429481246082,-0.65675127576215,-0.0214857743691299,"W"
-0.105324656404947,-0.59358420685221,0.0500969892631949,"W"
-0.712592800896712,0.0767736203036938,0.335552281236444,"W"
-0.180189335249393,-0.506940658950569,0.0376813996585582,"W"
-0.17341391910954,-0.51391004746708,0.0138211313653216,"W"
-0.296658516274982,-0.340017399576527,0.0805298943806525,"L"
0.137919373348186,-0.868840134588521,-0.141789292920436,"W"
-0.18525475097372,-0.399851337777741,0.246429311403351,"W"
-0.889634331607905,-0.133231917645961,0.23496502984342,"W"
-0.377995243334921,-0.698893115860387,-0.0269822119810861,"W"
-0.643833786576484,-0.394560975328185,0.116636556358976,"W"
-0.544614817644643,-0.509525535144348,7.7573625230809e-05,"W"
-1.11315783001177,0.0309606280726181,0.282799332272667,"L"
-0.409963566742322,-0.681103223671573,-0.0456583421603284,"W"
-0.70267660934788,-0.348223078039268,0.198791969375839,"L"
-0.389428832568641,-0.664363083088797,-0.0331813266113118,"W"
-0.502016334585099,-0.556803558627232,0.0544776937026724,"W"
-0.678641104703319,-0.437984711766715,0.0190876370110359,"W"
-0.889634331607905,-0.133231917645961,0.23496502984342,"L"
-0.889634331607906,0.133231917645957,0.234965029843421,"L"
-0.106906904299619,-0.686382240421918,-0.107735993685467,"W"
-0.237032423745574,-0.577339194619997,-0.144717763931316,"W"
-0.402019014962093,-0.450984848080264,-0.142142813583672,"W"
-0.889634331607906,0.133231917645957,0.234965029843421,"W"
-0.981940805914713,0.233487529346864,0.32962727200041,"W"
-0.140323169225604,-0.581259801710037,-0.0882798273261206,"W"
-0.226240372680724,-0.467449261463308,-0.0356447442933832,"L"
-0.108812869808081,-0.664573455756614,-0.202912687386736,"W"
-0.804224976174513,0.0109903671385921,0.00936058962434188,"W"
-0.740715261900182,0.0334824500530596,0.157450986796679,"L"
-0.670585926297379,-0.0415873609167692,0.111511285056964,"L"
-0.259918488690332,-0.48940037463254,-0.145908763949007,"W"
-0.682016744895421,-0.0467473696707811,0.0950197194182692,"W"
-0.505686942838589,-0.236073903986899,0.00237698090220419,"W"
-0.433946236605968,-0.292479757560762,-0.00685807639426706,"W"
-0.740715261900182,0.0334824500530596,0.157450986796679,"L"
0.290394646032335,-0.696326346039216,-0.222164702647156,"W"
-0.463218409229616,0.114103153228219,0.132326334948679,"L"
0.00444233643185975,-0.411997178208774,-0.174081935981923,"W"
-0.702676609347882,0.348223078039265,0.19879196937584,"W"
-0.275534563711723,-0.0317397181794126,0.118643521086156,"W"
-0.451787590631575,0.119263161982231,0.148817900587374,"L"
-0.269994914939896,-0.0503269132077369,0.121925275293168,"L"
-0.423426436477039,0.213965037063477,-0.0291298246774565,"L"
0.0578815318490543,-0.21612195033113,-0.135840812735152,"W"
-0.193225020337007,0.037442497068896,-0.0430394317371207,"W"
-0.441846959400187,0.279813675706489,0.0362738911938421,"L"
-0.338290344616385,-0.138473064952001,0.0673919597260285,"L"
0.238992908588734,-0.759576029903319,-0.194456339353741,"W"
-0.106321872942721,-0.318797170517207,0.00707298773666515,"W"
-0.619611432756927,0.130686848757707,0.147369523677597,"W"
-0.514620146673217,0.0508534693641167,0.160034698242094,"W"
-0.84638482109829,0.385229005876069,0.321162574826243,"L"
0.0768514818870248,-0.636423680713252,-0.24939264323684,"W"
-0.209726968118328,-0.326654724396016,-0.0885675373726206,"W"
-0.321396652383497,-0.113576597071839,0.149633638586583,"W"
-0.84638482109829,0.385229005876069,0.321162574826243,"L"
0.660898298082547,-1.06739920579862,0.223204630845336,"W"
0.555299423745993,-0.912757897823057,0.354948629133607,"W"
-0.21245575152627,-0.208949054965549,-0.0780651310065458,"W"
-0.106783333491896,-0.388357208695312,-0.244080717941008,"W"
-0.457798129243183,0.0598459435317097,0.11205315996086,"L"
0.0708379883137009,-0.545433165705859,-0.249097283874017,"L"
0.181695145868008,-0.586006645563946,-0.425604186709317,"W"
-0.129664006642481,-0.215493877787636,-0.182907773909742,"W"
-0.748805068598139,0.412783125593249,0.0751751317494196,"L"
0.00376098554859245,-0.542998210996658,-0.0223127674010303,"W"
-0.328894751260186,-0.174745097151929,0.0979474762458834,"W"
-0.457798129243183,-0.0598459435317113,0.11205315996086,"W"
-0.49952673030658,-0.0849031823522137,0.0398050917986417,"W"
-0.775934051698673,0.243373362087767,0.263801274800963,"L"
-0.156568669147359,-0.309616384570573,0.138734763809382,"W"
-0.872819003090599,0.336731960792954,0.331562105446044,"L"
-0.304480200959266,0.450994171961101,0.00727692706579404,"L"
0.228508226833284,-0.225938475776596,-0.456937309046276,"W"
-0.0188820727432338,0.128089792168074,-0.188354890707897,"L"
0.496963248425247,-0.43143243378953,-0.415061837913851,"W"
0.189247185151396,-0.0886450232328114,-0.295923341083607,"L"
-0.119883992464271,0.518483167468095,-0.109154087387964,"L"
0.555275949979672,-0.247008034287165,-0.58018054916228,"W"
0.0156869746599683,0.348665219291982,-0.190622149306365,"L"
0.410378764607505,-0.0211892733251736,-0.308945199771048,"L"
0.0909512578136954,-0.357897097910933,-0.0884993747111394,"L"
0.150773312384326,-0.416608275530246,-0.210425628144868,"W"
-0.17125542707676,-0.0291400669316556,0.0652043682550315,"W"
-0.634115984129133,0.405447004242721,0.209520296697333,"L"
-0.269994914939896,0.0503269132077352,0.121925275293169,"W"
0.197506647643359,-0.438962036295388,-0.121865131048742,"W"
-0.321396652383497,0.113576597071837,0.149633638586583,"L"
0.562300375239672,-0.74984986113082,-0.0783597406762689,"W"
0.122210706482858,-0.324553467764253,-0.29416523119627,"W"
-0.375026713219158,0.217829022320688,-0.00679243592891213,"L"
-0.270026487107291,0.963497054069085,-0.161512570763803,"L"
0.164490238201157,0.494551714229752,-0.425224266025434,"L"
-0.0323142619193619,0.311793248032807,-0.251639345213509,"L"
-0.179316047641642,0.476451187454908,-0.186662848933802,"L"
0.372622203923465,-0.00779111050080238,-0.215240292328315,"W"
-0.237032423745577,0.577339194619995,-0.144717763931316,"L"
-0.338290344616385,0.138473064951999,0.0673919597260285,"W"
-0.747894627753947,0.52370207082807,0.195039448481859,"L"
-0.257794400409989,0.00306028068161829,-0.132401788716552,"W"
-0.190596626367041,0.00963639483190712,-0.037976595010269,"W"
-0.747894627753947,0.52370207082807,0.195039448481859,"L"
-0.110281151163086,-0.103310780062244,-0.0787521896893309,"L"
0.0188989157770272,-0.270082841153955,-0.206857428873281,"W"
-0.50568694283859,0.236073903986897,0.00237698090220499,"L"
-0.0992334665923443,-0.380497362191714,-0.137410188669294,"W"
-0.479660256995046,-0.0207736699644042,-0.0293610387312839,"W"
-0.878488422957868,0.442316023855535,0.294086903075586,"L"
0.209107002595714,-0.72698171122789,-0.21574353641714,"W"
-0.429119255693289,0.00120243828703426,0.118759485358285,"W"
-0.878488422957868,0.442316023855535,0.294086903075586,"L"
-0.367763640712758,-0.0219388277516271,0.120927196798817,"L"
0.20586009157082,-0.726855238426365,-0.32701328840033,"W"
-0.333103686426506,-0.0939551138483263,0.0248847098500106,"L"
-0.275152249756107,0.190817850048731,0.01872439843729,"L"
0.182788724063501,-0.324936993535694,-0.325345867492158,"W"
-0.234221969144153,0.0547978820127763,-0.241758079176637,"W"
-0.275152249756107,0.190817850048731,0.01872439843729,"L"
-0.0323142619193602,-0.311793248032808,-0.251639345213509,"W"
0.0156869746599702,-0.348665219291983,-0.190622149306366,"W"
-0.680337692696572,0.405674877228865,0.154944860073136,"L"
-0.463878492586572,0.230506578065112,0.126981530005365,"L"
-0.2174771356442,-0.0289121939455109,0.0106289316308348,"W"
-0.197300853135879,-0.185438901493076,-0.249064394865865,"L"
-0.119883992464268,-0.518483167468096,-0.109154087387964,"W"
-0.81590865982081,0.235856929052753,0.236412921991538,"L"
-0.120627288963354,-0.502446925611634,-0.133477594543364,"W"
-0.698109562369747,0.142870654055002,0.223848542556315,"L"
-0.670585926297379,0.0415873609167666,0.111511285056964,"W"
-0.375026713219158,-0.217829022320689,-0.00679243592891214,"W"
-0.272957300072176,-0.299586481642638,0.0703436718453872,"W"
-0.427604722146429,-0.0935847731744507,0.162704974519317,"W"
-0.451787590631573,-0.119263161982233,0.148817900587374,"W"
-0.292628714841592,-0.282976965394003,0.00964028562127929,"L"
0.0853544391010706,-0.344051168859928,-0.309183776436762,"W"
-0.740700749620845,0.466384019301397,-0.026657392742105,"L"
0.0270569360659719,-0.341425129606905,-0.370717775363989,"L"
-0.306036660471814,0.112878701997293,-0.0967776817069895,"W"
-0.234221969144153,-0.0547978820127775,-0.241758079176638,"L"
-0.463242511810564,0.91855868321136,0.0650921199672407,"L"
0.02705693606597,0.341425129606904,-0.370717775363988,"W"
0.181361193652639,0.267322985691335,-0.320669055992081,"L"
0.309380895858548,0.107044979579388,-0.344794899850417,"L"
0.223959676712183,0.220044962208451,-0.266268935914639,"L"
-0.423426436477038,-0.213965037063479,-0.0291298246774562,"W"
-0.43412420246682,-0.1862662536345,-0.0397590502004867,"W"
-0.924224429810778,0.334375536511952,0.287682186997924,"L"
-0.207974095867537,-0.311972808851575,0.094854845361262,"L"
-0.463218409229614,-0.114103153228221,0.132326334948679,"W"
0.0818053188139191,-0.75274953746281,-0.338435582124956,"W"
-0.253860102293219,-0.319325037197829,-0.00373001952386878,"W"
-0.514620146673216,-0.0508534693641188,0.160034698242093,"L"
0.0701242437337868,-0.742114952838233,-0.235934366603109,"W"
-0.179316047641639,-0.476451187454909,-0.186662848933802,"W"
-0.404775909867812,-0.145842871407633,0.11287149655125,"L"
-0.293515824737069,-0.247875207844855,0.0252909393213313,"W"
-0.682016744895421,0.0467473696707784,0.0950197194182699,"L"
0.0909512578136938,0.357897097910933,-0.0884993747111396,"W"
-0.10532465640495,0.593584206852209,0.0500969892631947,"L"
-0.459572804079903,0.898157251533613,0.114720489687989,"L"
-0.519267841703365,0.53544341069539,0.147219152145762,"L"
0.378195880449273,-0.447688479949607,-0.30863657081019,"W"
-0.616152793095291,0.628802009400577,0.214979982790843,"L"
0.465749081125867,-0.514274424892089,-0.237800686630575,"W"
0.258881108519802,-0.291067760368205,-0.222383282895035,"W"
-0.272957300072177,0.299586481642637,0.0703436718453875,"L"
-0.0265777339186204,0.169626317129608,-0.0926980903168864,"L"
0.288710659252174,-0.22229778275961,-0.317984596915382,"W"
-0.00607812674633429,0.205231498058795,-0.0176768472200435,"W"
-0.129664006642483,0.215493877787636,-0.182907773909741,"L"
-0.222619290456227,0.378066468933838,0.0166627355725556,"L"
0.0818168200488319,-0.678159826931763,-0.0757544416792707,"W"
-0.255627299349197,-0.392378212196752,-0.0636359818147295,"W"
-0.27321734004476,-0.29027562876992,-0.00797611741571876,"L"
-0.222619290456226,-0.378066468933839,0.016662735572556,"W"
-0.230618856985215,-0.337553652252804,0.0464240026617228,"W"
-0.125491608798185,-0.474279393906692,-0.0558027469710059,"W"
-0.67760110348617,0.133160644372395,0.265768920303831,"L"
-0.170489534806131,-0.257400135434408,0.00550344630182875,"W"
-0.373250663041576,-0.0698124636342552,0.0782125903820761,"L"
-0.275152249756107,-0.190817850048732,0.0187243984372904,"W"
-0.429119255693289,-0.00120243828703583,0.118759485358285,"L"
0.176243828774575,-0.599086477079661,-0.0207830278918274,"W"
-0.342055602806117,-0.120982755252723,-0.0222676631741702,"W"
-0.271338000554335,-0.124791618901042,0.0511708991548785,"W"
-0.275152249756107,-0.190817850048732,0.0187243984372904,"W"
-0.273510422335511,-0.113299604576468,0.111544981837206,"L"
-0.0387189373885665,0.124361925064342,0.125327456054707,"L"
-0.305619901503225,0.348175516145778,0.166658811332395,"L"
0.759232162949262,-0.664289875670616,0.413955908961745,"W"
-0.245671780221132,0.195067270869551,-0.0293740416021564,"W"
-0.133775163938844,0.193902113082328,0.120914193927944,"L"
0.777303601129276,-0.692633388133003,0.388030483081963,"W"
0.759232162949262,-0.664289875670616,0.413955908961745,"W"
-0.0602997673688071,0.0396523174335788,-0.0319454549341851,"W"
0.257615935634041,-0.263027757774893,-0.0914919008018283,"L"
-0.174087230014696,1.14307643429267,-0.00397060583934342,"L"
0.465749081125865,0.51427442489209,-0.237800686630575,"L"
-0.153400566769095,0.0655730386362564,-0.0791329925975178,"L"
0.363031198990883,-0.551966140674035,-0.404079466379842,"W"
-0.0188820727432333,-0.128089792168074,-0.188354890707897,"W"
-0.646800018682232,0.507755112952853,0.0831331474502255,"L"
-0.212283293373784,0.0388097731135191,-0.180578547811405,"L"
0.213273153635802,-0.37363837635283,-0.376131877394213,"W"
-0.0602997673688071,-0.0396523174335795,-0.0319454549341852,"L"
-0.0522429481246109,0.65675127576215,-0.0214857743691299,"L"
0.288710659252174,0.222297782759611,-0.317984596915382,"L"
0.258881108519801,0.291067760368205,-0.222383282895035,"L"
-0.106906904299622,0.686382240421917,-0.107735993685467,"L"
1.12091132585022,-0.544107340354501,0.0053503106446422,"W"
0.378195880449271,0.447688479949608,-0.30863657081019,"L"
0.0701242437337833,0.742114952838233,-0.235934366603109,"L"
-0.585624776718294,0.653700573709781,0.157397857060282,"L"
-0.537934459715977,0.597141318725821,0.0904470672496432,"W"
-0.0248069471225536,0.129249919915011,-0.0966048178090801,"W"
-0.253860102293221,0.319325037197828,-0.00373001952386798,"L"
0.395400237665129,-0.414384181075701,-0.414729950550872,"W"
-0.0955245493743361,0.133058783563329,-0.170043380138129,"L"
-0.0634046802060265,-0.0922378170766246,-0.0615750169978345,"L"
-0.193225020337007,-0.0374424970688969,-0.0430394317371195,"L"
0.622124806794733,-0.68311215127482,0.495773363242113,"W"
0.0935180329690235,-0.244179351797945,-0.0180197603575417,"W"
-0.113777898054161,0.0185575875561576,0.136717063947722,"W"
0.217783205031389,-0.43111299352399,-0.204625822032646,"W"
0.0405394715334796,0.600017543444154,-0.413502168128412,"L"
0.0768514818870221,0.636423680713252,-0.24939264323684,"L"
0.0892284900544815,0.396023560546212,-0.222320348104383,"W"
0.0549688591778227,0.453441667533405,-0.188978435775012,"L"
-0.220663586742503,0.599604168763216,-0.294296664035787,"L"
0.0598801974554732,0.355600178319344,-0.37495089485612,"L"
0.043348975597777,0.402126519314899,-0.210160026272903,"L"
0.677100706495727,-0.279858282955075,-0.424298756010745,"W"
0.122210706482857,0.324553467764254,-0.294165231196269,"L"
0.16731175894913,-0.172135876670978,-0.206111607995286,"L"
-0.0989271077020255,0.146794442970729,0.000207734964210851,"L"
-0.110281151163087,0.103310780062243,-0.0787521896893303,"W"
-0.0989271077020255,0.146794442970729,0.000207734964210851,"L"
0.456133979159833,-0.50955947164843,-0.3460169487745,"W"
-0.0952792547875169,0.0642437743593214,-0.196447902279936,"W"
-0.391602239303629,0.372470693771951,0.00122537426223819,"W"
-0.34530947022468,0.372867134102202,0.0763218162051447,"L"
-0.099233466592346,0.380497362191714,-0.137410188669294,"L"
0.251592889581029,0.00433029389876716,-0.353052459954764,"L"
0.572239565755693,-0.355213487166265,-0.472031474188723,"W"
-0.409963566742325,0.681103223671572,-0.0456583421603275,"L"
0.289896281200251,-0.0503036179970954,-0.38864744718332,"W"
0.0775651416653935,0.201250910970544,-0.214001772400024,"L"
0.893997613085295,-0.527976966775243,0.174651411033379,"L"
0.181361193652641,-0.267322985691335,-0.32066905599208,"W"
-0.273217340044761,0.29027562876992,-0.00797611741571867,"W"
-0.544614817644645,0.509525535144347,7.7573625231836e-05,"L"
0.142473826770562,0.497542030286123,-0.523046745367567,"L"
-0.305619901503223,-0.348175516145778,0.166658811332395,"W"
-0.483739785625425,-0.200944600659043,0.126124919227059,"W"
-0.441846959400185,-0.279813675706491,0.0362738911938429,"W"
-0.942644952733924,0.26852689786894,0.353085902869223,"L"
-0.463878492586571,-0.230506578065113,0.126981530005366,"W"
-0.0863365956266692,-0.628834969315224,-0.0850843442982837,"W"
-0.452544725389966,-0.252114892277511,0.0256446656708124,"W"
-0.398720700903511,-0.242950160075943,0.119471273669062,"L"
0.117711064856467,-0.860489339386233,-0.205475200113262,"W"
-0.0691867026390347,-0.600361070682269,0.00865847954068331,"W"
-0.314132473871759,-0.337000061421273,0.0457196537657869,"W"
-0.38399954491936,-0.244431741601257,0.159457310682188,"L"
0.161137082467142,0.372911213389394,-0.243362858454794,"L"
0.180154435585927,0.317253942782231,-0.252365855982119,"W"
-0.0863365956266725,0.628834969315224,-0.0850843442982838,"L"
0.367112796402376,0.10357695520214,-0.391257060940573,"L"
-0.026577733918619,-0.169626317129608,-0.092698090316886,"W"
-0.486687152645571,0.251307870176984,-0.0100537018833847,"W"
-0.176795075848587,0.0477272619599796,0.0619226140480188,"L"
0.405990771650232,-0.63191666923363,-0.287669778817037,"W"
-0.17125542707676,0.0291400669316553,0.0652043682550316,"L"
-0.217477135644199,0.0289121939455105,0.0106289316308355,"L"
-0.0433603265770097,-0.0712379385669944,0.0223185178858341,"W"
0.700024058342875,-0.781390132268157,0.36238081553141,"W"
0.619904224673927,-0.66606455790179,0.458734087798545,"W"
0.180336392847639,-0.351784501910048,-0.117141568352382,"W"
0.416894565945585,-0.00841210060226354,-0.363153507261218,"L"
0.196319585065238,0.261292259502387,-0.233140870541537,"L"
0.608632538938582,-0.271482760646207,-0.576392868169862,"W"
0.00444233643185841,0.411997178208773,-0.174081935981923,"L"
0.471943899015113,-0.07729177129435,-0.417872342323834,"L"
0.294467140698497,-0.608374447108722,-0.437192276598821,"W"
-0.434124202466821,0.186266253634499,-0.0397590502004865,"L"
-0.257794400409989,-0.00306028068161917,-0.132401788716551,"L"
0.059880197455475,-0.355600178319344,-0.37495089485612,"W"
-0.0955245493743354,-0.133058783563329,-0.170043380138129,"W"
-0.452544725389968,0.25211489227751,0.0256446656708121,"L"
-0.342055602806118,0.120982755252722,-0.0222676631741702,"L"
-0.180189335249395,0.506940658950568,0.0376813996585583,"L"
0.309380895858549,-0.107044979579388,-0.344794899850416,"W"
0.244961340884617,-0.00696938851651065,-0.331442388027541,"W"
-0.294217540902555,0.583714279254263,-0.009711238156419,"L"
0.374801336244635,-0.0485586815104625,-0.119091348054778,"L"
0.869294626208868,-0.510933136728134,0.222186908840384,"L"
0.0892284900544836,-0.396023560546211,-0.222320348104383,"L"
-0.0836573150783422,-0.118965200526974,0.0595845865265423,"W"
-0.1562954686763,-0.0121220810307923,0.136943857144862,"W"
-0.176795075848587,-0.0477272619599793,0.0619226140480189,"W"
-0.688850267290569,0.423659152935625,0.207048583324762,"L"
-0.0989271077020247,-0.146794442970729,0.000207734964210888,"W"
-0.639655632900959,0.386859809214397,0.20623854249032,"L"
0.168427965219527,-0.471983214678201,-0.185060910253754,"W"
-0.0989271077020247,-0.146794442970729,0.000207734964210888,"W"
-0.404775909867812,0.145842871407632,0.112871496551251,"W"
-0.275534563711722,0.0317397181794115,0.118643521086156,"L"
-0.154002117030893,0.809990087539167,-0.308621160027282,"L"
-0.156305078168767,0.0852913373728441,-0.0517068738807198,"L"
0.180154435585929,-0.31725394278223,-0.252365855982119,"L"
0.61841099355875,-0.728059569448966,-0.105405059706076,"W"
0.0775651416653947,-0.201250910970544,-0.214001772400024,"W"
-0.625629121604049,0.510812940773647,0.114455902032971,"W"
-0.433946236605969,0.292479757560761,-0.00685807639426589,"L"
-0.156305078168767,-0.085291337372844,-0.0517068738807195,"W"
-0.251098735657569,-0.0434237364385303,-0.123761385898082,"W"
-0.643833786576485,0.394560975328183,0.116636556358977,"L"
0.16882828862912,-0.457385035568696,-0.247761484873189,"L"
0.142473826770565,-0.497542030286123,-0.523046745367566,"W"
-0.333103686426506,0.0939551138483254,0.0248847098500112,"W"
-0.463074103462981,0.240670870240978,0.112602189310227,"L"
-0.170489534806132,0.257400135434408,0.00550344630182908,"L"
0.172470734639066,-0.136725741653887,-0.252756941495478,"W"
-0.321256651471596,0.402913453540025,0.0504433266539228,"L"
0.193218237747861,-0.0980182579763422,-0.14265240443614,"W"
-0.230618856985217,0.337553652252804,0.0464240026617229,"L"
0.223959676712185,-0.220044962208451,-0.266268935914638,"W"
-0.502016334585101,0.556803558627231,0.0544776937026735,"L"
0.474947081189028,-0.114823719131638,-0.404499740871552,"W"
-0.120627288963356,0.502446925611634,-0.133477594543363,"L"
0.28989628120025,0.0503036179970964,-0.388647447183321,"L"
0.166093433432665,0.228309959509946,-0.272222822384261,"W"
-0.403546663021203,0.771207469033603,-0.0490378445213389,"L"
0.106746366657261,0.316051798867119,-0.231692030238283,"L"
0.672629877480382,-0.631057087782333,0.451545301887663,"W"
0.363899960240201,-0.456814959172773,-0.163592188682858,"W"
0.696276466836785,-0.657809185703742,0.436208985494846,"W"
0.098504155780885,-0.100016691785352,0.0600963386704149,"L"
-0.279639117558898,0.517147112279446,-0.199873820151143,"L"
0.172470734639065,0.136725741653888,-0.252756941495478,"L"
0.189247185151396,0.0886450232328117,-0.295923341083606,"W"
-0.125491608798187,0.474279393906692,-0.055802746971006,"L"
0.367112796402376,-0.103576955202139,-0.391257060940573,"W"
0.018898915777026,0.270082841153955,-0.206857428873281,"L"
0.0910495549117059,0.301444423031649,-0.090142329763605,"L"
0.933264091687352,0.223116885106269,0.140982576201146,"W"
0.835738762203208,0.409342834133678,0.403757225556156,"L"
0.837621507315683,0.817836534014201,0.244420349426553,"L"
0.97227928474091,0.661942714156279,0.16704279573961,"L"
1.50088605856662,0.223009914679405,0.680835919339264,"L"
-0.470570308079925,0.258416482351834,0.0813884202463933,"L"
-0.470570308079925,0.258416482351834,0.0813884202463933,"L"
0.207624853091125,-0.439242983127589,-0.203878811994116,"W"
-0.0444604272067443,-0.086224968976361,0.0407666847861812,"W"
-0.0771788000501425,-0.0992338536817458,-0.0393519956202995,"W"
-0.383999544919361,0.244431741601256,0.159457310682188,"W"
-0.273510422335511,0.113299604576468,0.111544981837206,"W"
-0.424277539000975,0.258812922682085,0.1564848621893,"L"
0.12184553397412,-0.47946890741301,-0.184025780866368,"W"
-0.486862556510952,0.181799254277033,0.204984365415173,"W"
-0.663043762539338,0.342586372359957,0.235920143975833,"L"
0.145039835581148,-0.516256651532641,-0.155379308768242,"W"
-0.0436783799880238,-0.210403374298383,0.110853632984251,"W"
0.0276123327085055,-0.319132457239335,0.011888634325111,"W"
-0.129310380466545,-0.167190922518014,-0.0316666223151818,"W"
-0.712238396928948,0.379385716081185,0.236730184810275,"L"
-0.709403914013988,0.366649987436858,0.232332485468496,"L"
-0.23683234107379,-0.126824105465848,-0.0677853530699072,"L"
0.247489189294034,-0.583823128106649,-0.089455732645756,"W"
0.750719590580726,-0.675465330395121,0.293016751395137,"W"
-0.21245575152627,0.208949054965549,-0.0780651310065455,"L"
0.106708271522852,-0.179408153729763,-0.33193802155926,"W"
-0.168571458265188,0.13605546076223,-0.0855171691635258,"W"
-0.314132473871761,0.337000061421273,0.0457196537657872,"L"
0.386686626838078,-0.630739359783225,-0.299824894090038,"W"
-0.0680727693842261,-0.0890702175869958,-0.119553576846148,"L"
0.803175425622036,-0.949911434127121,0.209697532838392,"W"
0.428848266668442,-0.40609132641205,0.668876017620615,"W"
0.228780444455549,-0.36752423688989,-0.0169046383743406,"W"
-0.190596626367041,-0.00963639483190756,-0.0379765950102681,"L"
0.114381539902221,-0.250396847910398,-0.0520448445518984,"W"
0.428848266668442,-0.40609132641205,0.668876017620615,"L"
0.562300375239669,0.749849861130822,-0.0783597406762686,"L"
0.339701934995702,0.0489529655215171,-0.390083857268857,"L"
0.184723153475289,0.265850948726002,-0.271345071539279,"W"
0.430594537040772,-0.0316284787068026,-0.362828696709761,"L"
-0.454435856603375,0.720469286489752,-0.0201970861799902,"L"
0.251592889581029,-0.00433029389876634,-0.353052459954764,"W"
-0.173413919109542,0.513910047467079,0.0138211313653219,"L"
0.28356121298843,-0.0221201860875804,-0.334376329775522,"W"
0.244961340884617,0.00696938851651153,-0.331442388027541,"L"
-0.259918488690334,0.489400374632538,-0.145908763949006,"L"
0.181695145868005,0.586006645563947,-0.425604186709316,"L"
0.395400237665127,0.414384181075702,-0.414729950550872,"L"
0.210224799213876,0.645284453853092,-0.264786522146382,"L"
0.801505777134236,-0.98969605225914,0.324436844470628,"W"
0.639433658485136,-0.746481267838619,0.537197798633217,"W"
-0.215171862270439,0.0514807569317531,0.18906455360488,"W"
-0.190878424216924,-0.261672076494738,-0.164428800119309,"W"
0.0549688591778249,-0.453441667533405,-0.188978435775011,"W"
-0.215171862270439,-0.0514807569317525,0.18906455360488,"L"
0.203301757208447,-0.574865044074705,-0.114507286598632,"W"
-0.367763640712757,0.0219388277516262,0.120927196798817,"W"
-0.133775163938843,-0.193902113082328,0.120914193927945,"W"
-0.42760472214643,0.0935847731744497,0.162704974519317,"L"
0.210224799213879,-0.645284453853091,-0.264786522146381,"W"
-0.306036660471813,-0.112878701997294,-0.0967776817069883,"L"
-0.0760589478827775,0.868199692587676,-0.202758579613932,"L"
0.253181255104646,0.543067508345732,-0.356047998733789,"L"
0.419086718158323,0.252515130841739,-0.229775596972898,"L"
0.869853475938142,-0.273596886773663,-0.348607629640117,"W"
0.299188666373899,0.344348814083072,-0.210219476898659,"L"
0.560798017908139,0.0411274287568605,-0.403392765370602,"L"
0.209107002595711,0.72698171122789,-0.21574353641714,"L"
0.209960066554613,0.729821157652791,-0.284046663445334,"L"
0.677100706495725,0.279858282955077,-0.424298756010745,"L"
0.844085696995892,0.131688201626164,-0.385426357064601,"L"
0.294467140698495,0.608374447108724,-0.437192276598821,"L"
0.363031198990881,0.551966140674036,-0.404079466379841,"L"
0.117711064856463,0.860489339386235,-0.205475200113262,"L"
0.0546483152613928,-0.192308351773487,-0.214448604404549,"W"
-0.75842862455718,0.604223627205764,0.109034664050722,"L"
-0.23683234107379,0.126824105465848,-0.067785353069908,"W"
-0.0952792547875164,-0.0642437743593212,-0.196447902279936,"L"
1.11220978540563,0.535430229574706,0.226136477571124,"L"
0.166093433432666,-0.228309959509945,-0.27222282238426,"L"
0.237634042230182,-0.256695475399266,-0.190150826761804,"W"
0.299188666373901,-0.34434881408307,-0.210219476898659,"W"
-0.0918999560342938,0.10071543520706,-0.0793380326334254,"L"
-0.292628714841593,0.282976965394002,0.0096402856212798,"W"
-0.077178800050143,0.0992338536817462,-0.0393519956202997,"L"
0.121845533974118,0.479468907413011,-0.184025780866369,"L"
0.150773312384324,0.416608275530247,-0.210425628144868,"L"
0.560798017908139,-0.0411274287568582,-0.403392765370601,"W"
0.1827887240635,0.324936993535695,-0.325345867492157,"L"
-0.0387189373885653,-0.124361925064341,0.125327456054708,"W"
-0.1562954686763,0.012122081030793,0.136943857144863,"L"
0.720523665515161,-0.816995313197344,0.437402058628253,"W"
0.664050421202616,-0.728421836752386,0.518419014502571,"W"
0.263025874556232,-0.454145683550835,-0.103903909682107,"W"
0.236062230082869,-0.449670581080146,-0.166643854379371,"W"
-0.00607812674633261,-0.205231498058794,-0.0176768472200421,"L"
0.251727558685229,-0.389249423935676,0.079055889127249,"W"
-0.113777898054161,-0.0185575875561567,0.136717063947722,"L"
0.0910495549117078,-0.301444423031647,-0.0901423297636041,"W"
-0.0723306887118813,0.721027545304518,-0.219825514859408,"L"
0.0818168200488292,0.678159826931764,-0.0757544416792705,"L"
0.203301757208445,0.574865044074706,-0.114507286598633,"L"
0.820287642185412,-0.164145499694236,-0.488365636623764,"W"
-0.00882097443755045,0.743519628218985,-0.0717351176870705,"L"
0.268112285960532,0.662487130067171,-0.335817704297273,"L"
0.137919373348182,0.868840134588522,-0.141789292920435,"L"
0.608632538938581,0.271482760646209,-0.576392868169861,"L"
0.44561802547593,-0.667773412379014,-0.300678773756203,"W"
-0.647480957637794,0.467891398810811,0.127856598902074,"L"
0.161137082467144,-0.372911213389393,-0.243362858454794,"W"
-0.0248069471225526,-0.12924991991501,-0.0966048178090798,"L"
0.106746366657263,-0.316051798867118,-0.231692030238283,"W"
-0.720707167818914,0.565905204469543,0.226498316872181,"W"
-0.271338000554335,0.124791618901041,0.0511708991548793,"L"
0.826116857483993,-0.553090065546419,-0.134191727605191,"W"
-0.226240372680726,0.467449261463307,-0.0356447442933813,"W"
0.0276123327085043,0.319132457239336,0.0118886343251112,"L"
0.0546483152613919,0.192308351773488,-0.214448604404548,"L"
0.193218237747861,0.0980182579763435,-0.142652404436139,"L"
0.972279284740913,-0.661942714156276,0.167042795739611,"W"
0.0935180329690225,0.244179351797946,-0.0180197603575414,"L"
0.0818053188139159,0.752749537462811,-0.338435582124955,"L"
-0.0836573150783425,0.118965200526975,0.0595845865265428,"L"
0.837621507315687,-0.817836534014198,0.244420349426555,"W"
0.898760693449674,-0.864793501676725,0.228298789721662,"W"
0.19631958506524,-0.261292259502386,-0.233140870541536,"W"
-0.22981356223729,0.177548465301391,-0.0573617366741859,"L"
0.690452687719153,-0.559397228756812,0.488802842626796,"W"
0.182581551572813,-0.199965119114733,-0.146734756432954,"W"
-0.0444604272067444,0.086224968976362,0.0407666847861815,"L"
-0.04336032657701,0.0712379385669955,0.0223185178858347,"L"
0.803175425622032,0.949911434127124,0.209697532838392,"L"
0.67262987748038,0.631057087782336,0.451545301887663,"L"
0.622124806794731,0.683112151274822,0.495773363242113,"L"
1.50088605856662,-0.2230099146794,0.680835919339265,"W"
0.965127265742038,0.241808605183571,0.211750563496772,"W"
0.619904224673924,0.666064557901793,0.458734087798545,"L"
-0.153400566769094,-0.0655730386362564,-0.0791329925975171,"W"
-0.485291464064075,0.256934900826521,0.0414023832332676,"L"
0.253181255104649,-0.54306750834573,-0.356047998733788,"W"
-0.328894751260186,0.174745097151928,0.0979474762458837,"L"
0.164515136233754,-0.368253113844728,-0.13867943846516,"W"
-0.0918999560342929,-0.10071543520706,-0.0793380326334252,"W"
-0.398720700903512,0.242950160075943,0.119471273669063,"W"
-0.497380803562448,0.325132184241946,0.13487022430161,"L"
-0.502508409259457,0.234839258242304,-0.0315915719961632,"L"
0.167311758949129,0.172135876670979,-0.206111607995285,"W"
-0.422611400639414,0.742589472577334,0.000729240365265657,"L"
0.339701934995702,-0.0489529655215155,-0.390083857268856,"W"
-0.377995243334924,0.698893115860386,-0.0269822119810849,"L"
0.28356121298843,0.0221201860875818,-0.334376329775522,"L"
0.182581551572812,0.199965119114735,-0.146734756432954,"L"
1.37341679375252,-0.543820107715069,0.895795573861189,"W"
1.37341679375252,-0.543820107715069,0.895795573861189,"W"
0.428848266668441,0.406091326412052,0.668876017620615,"L"
1.26781791941596,-0.389178799739507,1.02753957214946,"W"
0.428848266668441,0.406091326412052,0.668876017620615,"W"
0.987899523001113,-0.80100727833891,0.273265396417124,"W"
0.825827404352013,-0.557792493918389,0.486026350579714,"W"
0.0985041557808849,0.100016691785354,0.0600963386704152,"W"
-0.18525475097372,0.399851337777741,0.246429311403352,"L"
0.876586029308839,-0.881726365766476,0.180322328653928,"W"
0.476894274881131,-0.579560100344525,-0.32890831223695,"W"
-0.410596450319154,0.39590587065387,0.106093605825179,"L"
0.128564038933129,-0.182192203997673,-0.238891314029428,"W"
-0.29351582473707,0.247875207844855,0.0252909393213326,"L"
0.286525719539992,-0.359760325673716,-0.291979586065425,"W"
0.18472315347529,-0.265850948726001,-0.271345071539278,"L"
0.0853544391010693,0.344051168859929,-0.309183776436761,"L"
0.00376098554859035,0.542998210996658,-0.02231276740103,"L"
0.164515136233752,0.36825311384473,-0.13867943846516,"L"
0.374435422498611,0.115287223435132,-0.33037493919991,"L"
0.430594537040772,0.0316284787068043,-0.36282869670976,"W"
0.25761593563404,0.263027757774894,-0.0914919008018278,"W"
0.180336392847637,0.351784501910049,-0.117141568352382,"L"
0.476894274881128,0.579560100344528,-0.328908312236951,"L"
0.820287642185411,0.164145499694239,-0.488365636623764,"L"
-0.136336505880451,0.765856748894849,-0.0905754298873848,"L"
0.145039835581146,0.516256651532642,-0.155379308768242,"L"
-0.108812869808084,0.664573455756613,-0.202912687386735,"L"
0.168828288629118,0.457385035568697,-0.247761484873189,"W"
0.168427965219525,0.471983214678202,-0.185060910253755,"L"
0.207624853091123,0.43924298312759,-0.203878811994116,"L"
0.965127265742038,-0.241808605183567,0.211750563496772,"L"
0.962127758178367,0.817628764759759,0.249886234693858,"L"
0.405990771650229,0.631916669233631,-0.287669778817037,"L"
0.962127758178371,-0.817628764759756,0.249886234693859,"W"
-0.207974095867538,0.311972808851575,0.0948548453612634,"W"
-0.0436783799880245,0.210403374298383,0.110853632984252,"L"
0.962127758178371,-0.817628764759756,0.249886234693859,"W"
0.800055639529271,-0.574413980339235,0.462647188856448,"L"
0.838457445661801,-0.634643944321807,0.407555658861912,"W"
-0.15656866914736,0.309616384570573,0.138734763809383,"L"
0.416894565945585,0.00841210060226512,-0.363153507261217,"W"
-0.140323169225606,0.581259801710037,-0.088279827326119,"L"
0.254126998838999,0.157004238279125,-0.305347471945329,"L"
0.237634042230181,0.256695475399267,-0.190150826761804,"L"
0.410378764607505,0.0211892733251748,-0.308945199771047,"W"
-0.0691867026390375,0.60036107068227,0.00865847954068368,"L"
1.37341679375251,0.543820107715074,0.895795573861188,"L"
-0.0634046802060266,0.0922378170766256,-0.0615750169978343,"W"
-0.0680727693842261,0.0890702175869969,-0.119553576846148,"W"
-0.296658516274983,0.340017399576527,0.0805298943806532,"W"
-0.129310380466545,0.167190922518015,-0.0316666223151817,"L"
0.14888302658927,-0.161482801206542,-0.273866681390416,"L"
1.14261792693591,-0.0930456140956334,0.0660652671766605,"L"
0.205860091570817,0.726855238426365,-0.32701328840033,"L"
0.800055639529269,0.574413980339239,0.462647188856447,"W"
0.82582740435201,0.557792493918393,0.486026350579713,"L"
0.0581175836133061,0.100462735592849,-0.496341858039906,"W"
-0.106783333491897,0.388357208695312,-0.244080717941009,"L"
0.106708271522852,0.179408153729764,-0.33193802155926,"L"
1.64214507836955,-0.15464130797556,0.568361087367237,"W"
0.555299423745989,0.912757897823059,0.354948629133607,"L"
1.43383707263903,0.150754964944353,0.828865140272371,"L"
0.777303601129274,0.692633388133005,0.388030483081963,"L"
1.58567183405701,0.243214784420523,0.649378043241554,"L"
0.759232162949259,0.664289875670619,0.413955908961745,"L"
0.869294626208867,0.510933136728137,0.222186908840384,"W"
0.759232162949259,0.664289875670619,0.413955908961745,"L"
0.236062230082867,0.449670581080148,-0.166643854379371,"L"
0.0708379883136989,0.54543316570586,-0.249097283874016,"W"
0.217783205031388,0.431112993523991,-0.204625822032646,"L"
0.286525719539991,0.359760325673718,-0.291979586065425,"L"
0.688685139794807,-0.465695245654196,-0.409421686109633,"W"
-0.275371177799218,0.509900791236119,-0.150293117501483,"L"
0.128564038933128,0.182192203997675,-0.238891314029429,"L"
0.374435422498611,-0.11528722343513,-0.33037493919991,"W"
-0.275371177799218,0.509900791236119,-0.150293117501483,"L"
1.18464728741063,-0.51749093762207,0.0270551190568765,"W"
0.263025874556229,0.454145683550837,-0.103903909682108,"L"
0.474947081189028,0.11482371913164,-0.404499740871551,"L"
0.445618025475926,0.667773412379016,-0.300678773756204,"L"
0.659053993240588,0.427605371384084,-0.434005246923238,"L"
0.777632366660178,-0.454554660810094,0.389128042146076,"W"
0.419086718158325,-0.252515130841736,-0.229775596972898,"W"
-0.106321872942722,0.318797170517207,0.00707298773666593,"L"
0.663008526924107,0.0480570390394224,-0.407760052330849,"W"
0.176243828774573,0.599086477079662,-0.0207830278918269,"L"
0.663008526924107,0.0480570390394224,-0.407760052330849,"L"
0.962127758178367,0.817628764759759,0.249886234693858,"L"
0.567260503602785,-0.458226813427348,-0.284832013979915,"W"
1.58567183405701,-0.243214784420518,0.649378043241555,"W"
1.46200152154044,-0.0602299639825688,0.807047467409608,"L"
0.696276466836783,0.657809185703746,0.436208985494846,"L"
1.14261792693591,0.0930456140956376,0.0660652671766606,"W"
0.639433658485133,0.746481267838623,0.537197798633217,"L"
0.783931459712106,-0.279152848906285,0.549669577599901,"L"
1.0589500669863,-0.699514586216722,0.174874711688675,"W"
0.896877948337197,-0.456299801796202,0.387635665851265,"W"
0.83573876220321,-0.409342834133675,0.403757225556157,"W"
0.057881531849054,0.216121950331131,-0.13584081273515,"L"
0.11438153990222,0.250396847910399,-0.052044844551898,"L"
1.46200152154044,0.0602299639825741,0.807047467409608,"W"
0.750719590580724,0.675465330395124,0.293016751395137,"L"
0.838457445661799,0.63464394432181,0.407555658861911,"L"
0.363899960240199,0.456814959172775,-0.163592188682858,"L"
0.844085696995893,-0.131688201626162,-0.385426357064601,"W"
-0.0390147578645745,0.743130299469216,-0.191113650062672,"L"
1.09122320881133,-0.200994226530968,0.26233782322644,"L"
0.247489189294031,0.583823128106651,-0.0894557326457562,"L"
0.374801336244636,0.0485586815104645,-0.119091348054777,"W"
1.12958035022531,-0.645359275655619,0.253008256351858,"W"
0.372622203923466,0.00779111050080379,-0.215240292328314,"L"
0.567260503602781,0.458226813427351,-0.284832013979916,"L"
0.572239565755691,0.355213487166267,-0.472031474188723,"L"
0.496963248425245,0.431432433789532,-0.415061837913851,"L"
0.456133979159831,0.509559471648432,-0.3460169487745,"L"
1.05895006698629,0.699514586216726,0.174874711688674,"L"
1.53943594697559,0.305396272919915,0.697121141984099,"L"
0.688685139794805,0.465695245654199,-0.409421686109634,"L"
0.869853475938141,0.273596886773666,-0.348607629640117,"L"
0.826116857483991,0.553090065546423,-0.134191727605192,"L"
0.618410993558747,0.728059569448968,-0.105405059706075,"L"
0.65905399324059,-0.427605371384082,-0.434005246923237,"W"
0.148883026589269,0.161482801206544,-0.273866681390416,"W"
-0.267051258032461,0.578273821086765,-0.0188442945346249,"L"
-0.389428832568644,0.664363083088796,-0.0331813266113103,"L"
0.664050421202613,0.728421836752389,0.51841901450257,"L"
1.09122320881133,0.200994226530972,0.26233782322644,"W"
1.64214507836955,0.154641307975565,0.568361087367237,"L"
0.987899523001109,0.801007278338914,0.273265396417123,"L"
0.783931459712106,0.279152848906289,0.5496695775999,"W"
0.555275949979672,0.247008034287167,-0.580180549162279,"L"
-0.0544153636511233,0.683621922455185,-0.0490328040148204,"L"
0.471943899015113,0.0772917712943518,-0.417872342323833,"W"
0.197506647643358,0.438962036295388,-0.121865131048741,"L"
1.18464728741062,0.517490937622074,0.027055119056876,"L"
0.660898298082543,1.06739920579862,0.223204630845336,"L"
1.58567183405701,-0.243214784420518,0.649378043241555,"W"
0.896877948337195,0.456299801796205,0.387635665851264,"L"
1.12091132585022,0.544107340354504,0.00535031064464209,"L"
-0.297700814998226,0.894129217950011,-0.14875424022542,"L"
0.933264091687352,-0.223116885106266,0.140982576201146,"L"
0.663008526924107,-0.0480570390394195,-0.407760052330849,"L"
0.663008526924107,-0.0480570390394195,-0.407760052330849,"W"
0.213273153635801,0.373638376352831,-0.376131877394212,"L"
1.17334897153962,-0.58238719723723,0.210014917866233,"W"
1.11220978540564,-0.535430229574703,0.226136477571125,"W"
0.228780444455548,0.367524236889892,-0.0169046383743405,"L"
0.251727558685227,0.389249423935678,0.0790558891272486,"L"
0.876586029308835,0.88172636576648,0.180322328653927,"L"
0.290394646032333,0.696326346039217,-0.222164702647155,"L"
0.386686626838076,0.630739359783227,-0.299824894090039,"L"
0.238992908588731,0.759576029903319,-0.194456339353741,"L"
0.720523665515157,0.816995313197347,0.437402058628252,"L"
1.26781791941596,0.389178799739511,1.02753957214946,"L"
0.893997613085293,0.527976966775246,0.174651411033379,"W"
0.700024058342871,0.78139013226816,0.362380815531409,"L"
1.17334897153962,0.582387197237234,0.210014917866232,"L"
1.12958035022531,0.645359275655623,0.253008256351857,"L"
0.801505777134231,0.989696052259144,0.324436844470627,"L"
1.58567183405701,0.243214784420523,0.649378043241554,"L"
0.89876069344967,0.864793501676728,0.228298789721661,"L"
1.37341679375251,0.543820107715074,0.895795573861188,"L"
0.777632366660176,0.454554660810097,0.389128042146076,"L"
1.53943594697559,-0.30539627291991,0.697121141984099,"W"
1.43383707263903,-0.150754964944348,0.828865140272371,"W"
0.690452687719151,0.559397228756815,0.488802842626796,"L"
