"","PC1","PC2","PC3","PC4","PC5","class"
"1",-0.519267841703363,-0.535443410695393,0.147219152145761,-0.149870000353275,0.0760999347428198,"W"
"2",-0.81590865982081,-0.235856929052756,0.236412921991537,-0.0830286951733016,0.0826980879851493,"W"
"3",-0.663043762539337,-0.34258637235996,0.235920143975831,-0.19098126963355,-0.138225635577288,"W"
"4",-1.10857935292665,0.0240636150768982,0.309700743784575,0.0501209089091306,0.271645604730168,"W"
"5",-1.18464004602273,0.134813149379957,0.412740161096461,0.0847097104024109,0.190162403993567,"L"
"6",-0.639655632900958,-0.3868598092144,0.206238542490319,-0.160428378200958,-0.0488516347276315,"W"
"7",-0.634115984129131,-0.405447004242724,0.209520296697332,-0.118668886436652,0.0367203380606354,"W"
"8",-0.680337692696571,-0.405674877228868,0.154944860073136,-0.0837502546240011,0.191449435209425,"W"
"9",-0.775934051698673,-0.24337336208777,0.263801274800962,-0.124075583388397,-0.0400866353634608,"W"
"10",-1.15910415284392,0.0933585987051848,0.381049232936993,0.0927134580865027,0.253640598684214,"L"
"11",-0.585624776718291,-0.653700573709783,0.15739785706028,-0.327857950435019,0.0485787927109029,"W"
"12",-0.747894627753945,-0.523702070828073,0.195039448481858,-0.22057332006634,0.218423892606316,"W"
"13",-0.924224429810776,-0.334375536511955,0.287682186997923,-0.161149628995985,0.201710279895604,"W"
"14",-1.20829878723353,-0.0565592549839621,0.381859273771434,-0.0578012346417458,0.281867320576442,"W"
"15",-1.28152499741465,0.0414545506747692,0.480500991741541,-0.00800374768409471,0.259085069547738,"L"
"16",-0.174087230014691,-1.14307643429267,-0.00397060583934447,-0.284803830384362,0.344854519957096,"W"
"17",-0.616152793095289,-0.62880200940058,0.214979982790842,-0.24258345843978,0.14502260029699,"W"
"18",-0.747894627753945,-0.523702070828073,0.195039448481858,-0.22057332006634,0.218423892606316,"W"
"19",-0.942644952733924,-0.268526897868943,0.353085902869222,-0.208898568194877,0.0110671908991017,"W"
"20",-0.846384821098288,-0.385229005876073,0.321162574826243,-0.161461095055873,0.163856762050819,"W"
"21",-1.15910415284392,-0.0933585987051899,0.381049232936992,-0.0927134580865075,0.253640598684221,"W"
"22",-1.28152499741465,0.0414545506747692,0.480500991741541,-0.00800374768409471,0.259085069547738,"W"
"23",-0.872819003090598,-0.336731960792958,0.331562105446043,-0.216789041474902,0.0288360301907098,"W"
"24",-1.04643266108987,-0.276637799702582,0.202023057203996,-0.126099526828534,0.419071438856809,"W"
"25",-0.846384821098288,-0.385229005876073,0.321162574826243,-0.161461095055873,0.163856762050819,"W"
"26",-0.981940805914712,-0.233487529346868,0.329627272000409,-0.222786928870044,0.0560693763225547,"L"
"27",-0.475470412201791,-0.972532915200583,-0.0824098535762686,-0.300165684859838,0.452140076850972,"W"
"28",-0.46324251181056,-0.918558683211362,0.0650921199672401,-0.25128520667161,0.284589441277399,"W"
"29",-0.878488422957866,-0.442316023855539,0.294086903075586,-0.19550029095911,0.1009050653582,"W"
"30",-1.18464004602273,-0.134813149379962,0.412740161096461,-0.0847097104024148,0.190162403993563,"W"
"31",-1.28152499741465,-0.0414545506747744,0.480500991741541,0.00800374768408987,0.259085069547727,"W"
"32",-0.459572804079899,-0.898157251533616,0.114720489687989,-0.254716559729403,0.222949618670742,"W"
"33",-0.758428624557178,-0.604223627205767,0.109034664050721,-0.30138820603384,0.146321361737945,"W"
"34",-0.878488422957866,-0.442316023855539,0.294086903075586,-0.19550029095911,0.1009050653582,"W"
"35",-1.00845883999434,-0.295600267462887,0.381804382535801,-0.130748077321528,0.122057538702211,"W"
"36",-1.06684094857166,-0.227799424377712,0.400175781661237,-0.141052534207221,0.0957436659320342,"W"
"37",-1.23100019749738,-0.110749534303061,0.409152502589124,-0.0345888014932822,0.27709007559368,"W"
"38",-1.28152499741465,-0.0414545506747744,0.480500991741541,0.00800374768408987,0.259085069547727,"L"
"39",-0.720707167818913,-0.565905204469545,0.226498316872179,-0.358596824060357,-0.138174048185984,"L"
"40",0.164490238201158,-0.494551714229753,-0.425224266025434,-0.0841562275733059,0.456591305924296,"W"
"41",-0.25109873565757,0.0434237364385287,-0.123761385898083,-0.0721684250261045,0.0509624705514222,"L"
"42",-0.212283293373785,-0.0388097731135212,-0.180578547811406,-0.0246744382977494,0.235351798972592,"W"
"43",-0.678641104703322,0.437984711766712,0.0190876370110358,0.133186941538908,0.285094807215789,"L"
"44",-0.136336505880449,-0.76585674889485,-0.0905754298873854,-0.196420264086267,0.0527890658028196,"W"
"45",-0.076058947882774,-0.868199692587678,-0.202758579613932,-0.237992063756874,0.170449879396681,"W"
"46",-0.712592800896712,-0.076773620303697,0.335552281236443,-0.0142173136652954,-0.122119968074123,"L"
"47",-0.26705125803246,-0.578273821086766,-0.018844294534626,-0.262199870238537,-0.157602232623713,"W"
"48",-0.410596450319153,-0.395905870653871,0.106093605825177,-0.23085345656073,-0.273114765934694,"W"
"49",-0.698109562369747,-0.142870654055005,0.223848542556314,-0.0266858713684945,-0.0117206500763966,"W"
"50",-1.06684094857166,0.227799424377708,0.400175781661238,0.141052534207218,0.0957436659320216,"L"
"51",-0.15400211703089,-0.809990087539168,-0.308621160027282,-0.382032948490553,0.110097884028266,"W"
"52",-0.294217540902553,-0.583714279254264,-0.00971123815641958,-0.193086634293401,-0.00558544105635831,"W"
"53",-0.67760110348617,-0.133160644372398,0.26576892030383,-0.0459243545557197,-0.114104519180213,"W"
"54",-0.497380803562448,-0.325132184241947,0.134870224301609,-0.179174641030675,-0.202666020599659,"W"
"55",-0.190878424216927,0.261672076494736,-0.16442880011931,-0.0195457949207331,0.0848305499929301,"L"
"56",0.0581175836133049,-0.10046273559285,-0.496341858039907,-0.115130450283058,0.351627677575211,"L"
"57",-0.197300853135881,0.185438901493073,-0.249064394865866,0.0925546073207601,0.425000938290649,"W"
"58",-0.402019014962096,0.450984848080261,-0.142142813583673,0.0462313911612229,0.220698213849609,"L"
"59",-0.270026487107287,-0.963497054069088,-0.161512570763804,-0.281778400212343,0.436733689813972,"W"
"60",-0.995907861172593,-0.207342816074296,0.130674568051578,-0.0835069776511624,0.43707644490277,"W"
"61",-0.740700749620843,-0.4663840193014,-0.0266573927421055,-0.25539345960109,0.331714580466616,"W"
"62",-1.10857935292665,-0.0240636150769034,0.309700743784575,-0.0501209089091358,0.271645604730182,"L"
"63",-0.709403914013987,-0.366649987436861,0.232332485468494,-0.241102178542684,-0.0512979639771568,"W"
"64",-0.4035466630212,-0.771207469033605,-0.0490378445213401,-0.297165824291905,0.234731773981959,"W"
"65",-0.64680001868223,-0.507755112952856,0.0831331474502246,-0.222296610936786,0.215494182862269,"W"
"66",-0.748805068598138,-0.412783125593252,0.0751751317494189,-0.209361770592223,0.253810251432144,"W"
"67",-1.11315783001177,-0.0309606280726228,0.282799332272666,-0.0644352311001291,0.265237191105465,"W"
"68",-1.23100019749738,0.110749534303056,0.409152502589124,0.0345888014932771,0.277090075593698,"L"
"69",-0.625629121604048,-0.51081294077365,0.11445590203297,-0.211302509853114,0.155897539623333,"L"
"70",-0.470570308079925,-0.258416482351837,0.0813884202463919,-0.172724844685101,-0.0137319193815255,"W"
"71",-0.485291464064075,-0.256934900826522,0.0414023832332662,-0.204726846934813,-0.0300861858682225,"W"
"72",-0.981525398892172,0.197982902134401,0.208066222622788,0.0657028413454296,0.291105751692163,"L"
"73",-0.470570308079925,-0.258416482351837,0.0813884202463919,-0.172724844685101,-0.0137319193815255,"W"
"74",-0.275371177799217,-0.50990079123612,-0.150293117501484,-0.317504918926868,0.0410530673514284,"W"
"75",-0.619611432756927,-0.13068684875771,0.147369523677596,-0.0379570190686972,0.173095193166539,"L"
"76",-0.275371177799217,-0.50990079123612,-0.150293117501484,-0.317504918926868,0.0410530673514284,"W"
"77",-0.391602239303628,-0.372470693771953,0.00122537426223704,-0.170480828025032,0.0949708507795783,"L"
"78",0.0405394715334816,-0.600017543444156,-0.413502168128412,-0.137563580617173,0.392059429425217,"W"
"79",-0.479660256995047,0.0207736699644015,-0.0293610387312845,0.0160279303437595,0.181106611716322,"L"
"80",0.209960066554616,-0.729821157652792,-0.284046663445335,-0.0330378683191644,0.379421427650816,"W"
"81",-0.22981356223729,-0.177548465301392,-0.0573617366741875,-0.113740423214463,-0.0710379433257304,"W"
"82",-0.499526730306582,0.084903182352211,0.0398050917986406,0.00274292751205997,0.0455593818581742,"L"
"83",-0.245671780221132,-0.195067270869553,-0.0293740416021572,0.0351566301074284,0.17973558805201,"L"
"84",-0.279639117558896,-0.517147112279447,-0.199873820151145,-0.234107588001646,0.250382979301329,"W"
"85",-0.995907861172593,0.207342816074291,0.130674568051578,0.0835069776511554,0.437076444902791,"L"
"86",-0.0723306887118785,-0.721027545304518,-0.219825514859409,-0.200108411377101,0.271561944053788,"W"
"87",-0.486687152645571,-0.251307870176986,-0.010053701883386,-0.152470461775724,0.137355024112049,"L"
"88",-0.220663586742501,-0.599604168763218,-0.294296664035788,-0.284438437712187,0.290611365906859,"W"
"89",-0.804224976174513,-0.0109903671385957,0.00936058962434182,0.0273790064835825,0.483762516792836,"L"
"90",-0.502508409259456,-0.234839258242305,-0.0315915719961649,-0.202131396093458,0.0571835576345101,"W"
"91",-0.0390147578645716,-0.743130299469216,-0.191113650062673,-0.22296314243331,0.232093263432829,"W"
"92",-1.04643266108987,0.276637799702578,0.202023057203996,0.126099526828528,0.419071438856837,"L"
"93",-0.454435856603372,-0.720469286489754,-0.0201970861799914,-0.313933733543265,0.0960255816858506,"W"
"94",-0.422611400639412,-0.742589472577335,0.000729240365264346,-0.295206223385173,0.063998395451677,"W"
"95",-0.981525398892171,-0.197982902134406,0.208066222622788,-0.0657028413454347,0.291105751692151,"W"
"96",-1.20829878723353,0.0565592549839573,0.381859273771435,0.0578012346417412,0.28186732057644,"L"
"97",-0.297700814998223,-0.894129217950012,-0.148754240225421,-0.398885106048029,0.0773526420163338,"W"
"98",-0.647480957637793,-0.467891398810813,0.127856598902073,-0.308799337102706,-0.115391797157271,"W"
"99",-0.688850267290567,-0.423659152935627,0.207048583324761,-0.195340601645719,-0.0206249128354059,"W"
"100",-0.712238396928946,-0.379385716081187,0.236730184810273,-0.225893493078311,-0.109998913685062,"W"
"101",-0.537934459715975,-0.597141318725823,0.0904470672496419,-0.270056715793275,0.0078828490489581,"L"
"102",-0.304480200959264,-0.450994171961103,0.00727692706579375,-0.149847073317562,0.0871753897929603,"W"
"103",-0.486862556510952,-0.181799254277034,0.204984365415172,-0.144942902714436,-0.206330500868655,"L"
"104",-0.0544153636511207,-0.683621922455185,-0.0490328040148214,-0.20690075638118,-0.0132692966276142,"W"
"105",-0.321256651471595,-0.402913453540026,0.050443326653922,-0.177811081194377,-0.051026611919251,"W"
"106",-0.740715261900182,-0.0334824500530626,0.15745098679668,0.0400313046606721,0.250226811328846,"W"
"107",-1.00845883999434,0.295600267462882,0.381804382535802,0.130748077321525,0.1220575387022,"L"
"108",-0.00882097443754744,-0.743519628218985,-0.0717351176870714,-0.187456113200012,0.0380262385897978,"W"
"109",-0.46307410346298,-0.240670870240979,0.112602189310226,-0.173631321836893,-0.123927682450399,"W"
"110",-0.345309470224678,-0.372867134102203,0.0763218162051439,-0.155233079006587,-0.0512951111816797,"W"
"111",-0.740715261900182,-0.0334824500530626,0.15745098679668,0.0400313046606721,0.250226811328846,"W"
"112",-0.424277539000974,-0.258812922682086,0.156484862189299,-0.157477095666656,-0.159997881342783,"W"
"113",0.268112285960534,-0.66248713006717,-0.335817704297274,-0.20661097533837,0.16722289792608,"W"
"114",-0.373250663041577,0.0698124636342533,0.0782125903820757,0.0163409467330468,0.0467149983218901,"W"
"115",0.0433489755977784,-0.402126519314899,-0.210160026272904,-0.144836266656864,0.119959335320257,"W"
"116",-0.483739785625427,0.200944600659042,0.126124919227058,-0.00961253280974551,-0.0683826088811848,"L"
"117",-0.168571458265188,-0.136055460762231,-0.0855171691635267,-0.186707500596714,-0.0908976564249771,"L"
"118",-0.475470412201796,0.97253291520058,-0.0824098535762686,0.30016568485983,0.452140076851031,"L"
"119",0.228508226833282,0.225938475776595,-0.456937309046277,0.0195705342207428,0.417257927941791,"L"
"120",0.254126998838999,-0.157004238279125,-0.30534747194533,-0.0801389524445298,0.17754083381199,"W"
"121",-0.255627299349199,0.392378212196751,-0.0636359818147305,0.0470245188440353,0.139827246020158,"L"
"122",-0.209726968118329,0.326654724396014,-0.0885675373726212,0.0805440602351952,0.254447123635474,"L"
"123",-0.0522429481246082,-0.65675127576215,-0.0214857743691299,-0.158524241839426,-0.0330681313116089,"W"
"124",-0.105324656404947,-0.59358420685221,0.0500969892631949,-0.0994467118568866,0.00508598466455785,"W"
"125",-0.712592800896712,0.0767736203036938,0.335552281236444,0.0142173136652958,-0.12211996807415,"W"
"126",-0.180189335249393,-0.506940658950569,0.0376813996585582,-0.178869320628104,-0.123585866137484,"W"
"127",-0.17341391910954,-0.51391004746708,0.0138211313653216,-0.208461372628399,-0.144620303349047,"W"
"128",-0.296658516274982,-0.340017399576527,0.0805298943806525,-0.281966847662051,-0.368795991536594,"L"
"129",0.137919373348186,-0.868840134588521,-0.141789292920436,-0.242623415166892,-0.0346691309904752,"W"
"130",-0.18525475097372,-0.399851337777741,0.246429311403351,-0.151611270310037,-0.395457030656501,"W"
"131",-0.889634331607905,-0.133231917645961,0.23496502984342,-0.115759148592544,-0.0192617028563309,"W"
"132",-0.377995243334921,-0.698893115860387,-0.0269822119810861,-0.245979677749417,0.0293632599347362,"W"
"133",-0.643833786576484,-0.394560975328185,0.116636556358976,-0.205355366565014,-0.0622312307837473,"W"
"134",-0.544614817644643,-0.509525535144348,7.7573625230809e-05,-0.301754936913817,-0.0512763760394612,"W"
"135",-1.11315783001177,0.0309606280726181,0.282799332272667,0.0644352311001247,0.265237191105452,"L"
"136",-0.409963566742322,-0.681103223671573,-0.0456583421603284,-0.248794906142971,0.0847006192056822,"W"
"137",-0.70267660934788,-0.348223078039268,0.198791969375839,-0.0531423509775415,0.12089226126973,"L"
"138",-0.389428832568641,-0.664363083088797,-0.0331813266113118,-0.30422837185235,-0.0695919081868825,"W"
"139",-0.502016334585099,-0.556803558627232,0.0544776937026724,-0.209535125922497,0.0106698397474011,"W"
"140",-0.678641104703319,-0.437984711766715,0.0190876370110359,-0.133186941538913,0.285094807215764,"W"
"141",-0.889634331607905,-0.133231917645961,0.23496502984342,-0.115759148592544,-0.0192617028563309,"L"
"142",-0.889634331607906,0.133231917645957,0.234965029843421,0.115759148592544,-0.019261702856363,"L"
"143",-0.106906904299619,-0.686382240421918,-0.107735993685467,-0.0990109085259902,-0.0182201905306347,"W"
"144",-0.237032423745574,-0.577339194619997,-0.144717763931316,-0.128669239092889,0.0291837884344679,"W"
"145",-0.402019014962093,-0.450984848080264,-0.142142813583672,-0.0462313911612276,0.220698213849525,"W"
"146",-0.889634331607906,0.133231917645957,0.234965029843421,0.115759148592544,-0.019261702856363,"W"
"147",-0.981940805914713,0.233487529346864,0.32962727200041,0.222786928870042,0.0560693763225168,"W"
"148",-0.140323169225604,-0.581259801710037,-0.0882798273261206,-0.223423587390653,0.151641550163351,"W"
"149",-0.226240372680724,-0.467449261463308,-0.0356447442933832,-0.263168535540232,0.0338465186140446,"L"
"150",-0.108812869808081,-0.664573455756614,-0.202912687386736,-0.246756025632635,0.280821547354552,"W"
"151",-0.804224976174513,0.0109903671385921,0.00936058962434188,-0.0273790064835897,0.483762516792825,"W"
"152",-0.740715261900182,0.0334824500530596,0.157450986796679,-0.0400313046606761,0.250226811328884,"L"
"153",-0.670585926297379,-0.0415873609167692,0.111511285056964,-0.0770216329148627,0.216311831475335,"L"
"154",-0.259918488690332,-0.48940037463254,-0.145908763949007,-0.273014447840064,0.201412603283811,"W"
"155",-0.682016744895421,-0.0467473696707811,0.0950197194182692,-0.0624291086510403,0.26640135783162,"W"
"156",-0.505686942838589,-0.236073903986899,0.00237698090220419,-0.121852799721396,0.283114970542332,"W"
"157",-0.433946236605968,-0.292479757560762,-0.00685807639426706,-0.155174538685541,0.202583611513388,"W"
"158",-0.740715261900182,0.0334824500530596,0.157450986796679,-0.0400313046606761,0.250226811328884,"L"
"159",0.290394646032335,-0.696326346039216,-0.222164702647156,-0.224246152109548,0.119149213840565,"W"
"160",-0.463218409229616,0.114103153228219,0.132326334948679,-0.000979497740944954,0.0753703561058115,"L"
"161",0.00444233643185975,-0.411997178208774,-0.174081935981923,-0.174233030561802,0.14878756652304,"W"
"162",-0.702676609347882,0.348223078039265,0.19879196937584,0.053142350977539,0.120892261269712,"W"
"163",-0.275534563711723,-0.0317397181794126,0.118643521086156,-0.0929717050324233,-0.106268892963254,"W"
"164",-0.451787590631575,0.119263161982231,0.148817900587374,-0.0155720220047673,0.0252808297495272,"L"
"165",-0.269994914939896,-0.0503269132077369,0.121925275293168,-0.0512122132681175,-0.0206969201749867,"L"
"166",-0.423426436477039,0.213965037063477,-0.0291298246774565,0.0559022081747348,0.21889761325356,"L"
"167",0.0578815318490543,-0.21612195033113,-0.135840812735152,-0.134886892460834,-0.0440413693295872,"W"
"168",-0.193225020337007,0.037442497068896,-0.0430394317371207,-0.0516414256977971,0.00014950995811068,"W"
"169",-0.441846959400187,0.279813675706489,0.0362738911938421,0.008153268975843,0.0282545242570574,"L"
"170",-0.338290344616385,-0.138473064952001,0.0673919597260285,-0.0591122250104685,0.0597173904187219,"L"
"171",0.238992908588734,-0.759576029903319,-0.194456339353741,-0.222955188308716,0.0867826354427639,"W"
"172",-0.106321872942721,-0.318797170517207,0.00707298773666515,-0.255817738440144,-0.223833169115837,"W"
"173",-0.619611432756927,0.130686848757707,0.147369523677597,0.0379570190686932,0.173095193166502,"W"
"174",-0.514620146673217,0.0508534693641167,0.160034698242094,0.000311466059887119,0.0430037777080101,"W"
"175",-0.84638482109829,0.385229005876069,0.321162574826243,0.161461095055869,0.163856762050791,"L"
"176",0.0768514818870248,-0.636423680713252,-0.24939264323684,-0.195634454548264,0.216629575570159,"W"
"177",-0.209726968118328,-0.326654724396016,-0.0885675373726206,-0.0805440602352001,0.254447123635421,"W"
"178",-0.321396652383497,-0.113576597071839,0.149633638586583,-0.0499212494672854,-0.0530634985727882,"W"
"179",-0.84638482109829,0.385229005876069,0.321162574826243,0.161461095055869,0.163856762050791,"L"
"180",0.660898298082547,-1.06739920579862,0.223204630845336,0.483534580968303,0.199358373179129,"W"
"181",0.555299423745993,-0.912757897823057,0.354948629133607,0.521604953298478,0.0831972242828102,"W"
"182",-0.21245575152627,-0.208949054965549,-0.0780651310065458,-0.109641969624805,-0.260426917962679,"W"
"183",-0.106783333491896,-0.388357208695312,-0.244080717941008,-0.107797203957284,-0.0619802212698317,"W"
"184",-0.457798129243183,0.0598459435317097,0.11205315996086,0.0595625248821379,-0.220143031127279,"L"
"185",0.0708379883137009,-0.545433165705859,-0.249097283874017,-0.153411194200099,-0.13483820708212,"L"
"186",0.181695145868008,-0.586006645563946,-0.425604186709317,-0.127219963673108,0.246190783109534,"W"
"187",-0.129664006642481,-0.215493877787636,-0.182907773909742,-0.00692048897990069,0.161219291328978,"W"
"188",-0.748805068598139,0.412783125593249,0.0751751317494196,0.209361770592219,0.253810251432133,"L"
"189",0.00376098554859245,-0.542998210996658,-0.0223127674010303,-0.0797538875581474,-0.169188307640182,"W"
"190",-0.328894751260186,-0.174745097151929,0.0979474762458834,-0.111441881447084,-0.333051851031666,"W"
"191",-0.457798129243183,-0.0598459435317113,0.11205315996086,-0.0595625248821348,-0.220143031127294,"W"
"192",-0.49952673030658,-0.0849031823522137,0.0398050917986417,-0.00274292751206161,0.0455593818581099,"W"
"193",-0.775934051698673,0.243373362087767,0.263801274800963,0.124075583388396,-0.0400866353635021,"L"
"194",-0.156568669147359,-0.309616384570573,0.138734763809382,-0.111815837599346,-0.413179161424683,"W"
"195",-0.872819003090599,0.336731960792954,0.331562105446044,0.216789041474901,0.0288360301906616,"L"
"196",-0.304480200959266,0.450994171961101,0.00727692706579404,0.14984707331756,0.0871753897929718,"L"
"197",0.228508226833284,-0.225938475776596,-0.456937309046276,-0.01957053422075,0.417257927941733,"W"
"198",-0.0188820727432338,0.128089792168074,-0.188354890707897,0.0237097382090227,0.0991288332164117,"L"
"199",0.496963248425247,-0.43143243378953,-0.415061837913851,-0.0966875563052752,0.152226880983366,"W"
"200",0.189247185151396,-0.0886450232328114,-0.295923341083607,-0.0716082165069955,0.0555144610829791,"L"
"201",-0.119883992464271,0.518483167468095,-0.109154087387964,0.0955927575022871,0.15701613879427,"L"
"202",0.555275949979672,-0.247008034287165,-0.58018054916228,-0.203594132962219,0.222992555891938,"W"
"203",0.0156869746599683,0.348665219291982,-0.190622149306365,0.0948711980515876,0.265767486018545,"L"
"204",0.410378764607505,-0.0211892733251736,-0.308945199771048,-0.0508091969735034,0.0923458574822849,"L"
"205",0.0909512578136954,-0.357897097910933,-0.0884993747111394,-0.051337962890338,0.069507552737783,"L"
"206",0.150773312384326,-0.416608275530246,-0.210425628144868,-0.229033649309978,-0.104649844586668,"W"
"207",-0.17125542707676,-0.0291400669316556,0.0652043682550315,-0.0671876440810963,-0.176073411130021,"W"
"208",-0.634115984129133,0.405447004242721,0.209520296697333,0.11866888643665,0.036720338060604,"L"
"209",-0.269994914939896,0.0503269132077352,0.121925275293169,0.0512122132681168,-0.0206969201750013,"W"
"210",0.197506647643359,-0.438962036295388,-0.121865131048742,-0.134270236863642,-0.0931620264056934,"W"
"211",-0.321396652383497,0.113576597071837,0.149633638586583,0.0499212494672854,-0.0530634985727981,"L"
"212",0.562300375239672,-0.74984986113082,-0.0783597406762689,0.338469500992218,0.296019345485458,"W"
"213",0.122210706482858,-0.324553467764253,-0.29416523119627,-0.0258713798977956,0.028829275644648,"W"
"214",-0.375026713219158,0.217829022320688,-0.00679243592891213,0.142508768884392,-0.0189591059165758,"L"
"215",-0.270026487107291,0.963497054069085,-0.161512570763803,0.281778400212335,0.43673368981399,"L"
"216",0.164490238201157,0.494551714229752,-0.425224266025434,0.0841562275732978,0.456591305924302,"L"
"217",-0.0323142619193619,0.311793248032807,-0.251639345213509,0.174992455252425,0.233486512875556,"L"
"218",-0.179316047641642,0.476451187454908,-0.186662848933802,0.190306538966947,0.174824692007565,"L"
"219",0.372622203923465,-0.00779111050080238,-0.215240292328315,0.121039510690386,-0.0202894829219344,"W"
"220",-0.237032423745577,0.577339194619995,-0.144717763931316,0.128669239092888,0.029183788434516,"L"
"221",-0.338290344616385,0.138473064951999,0.0673919597260285,0.059112225010467,0.0597173904187371,"W"
"222",-0.747894627753947,0.52370207082807,0.195039448481859,0.220573320066337,0.218423892606303,"L"
"223",-0.257794400409989,0.00306028068161829,-0.132401788716552,-0.0745701573546604,0.0734771568087628,"W"
"224",-0.190596626367041,0.00963639483190712,-0.037976595010269,-0.129775019769442,-0.160734800002604,"W"
"225",-0.747894627753947,0.52370207082807,0.195039448481859,0.220573320066337,0.218423892606303,"L"
"226",-0.110281151163086,-0.103310780062244,-0.0787521896893309,-0.0734115839458675,-0.0184069519682237,"L"
"227",0.0188989157770272,-0.270082841153955,-0.206857428873281,-0.139633794763837,0.0497354330507941,"W"
"228",-0.50568694283859,0.236073903986897,0.00237698090220499,0.121852799721392,0.283114970542302,"L"
"229",-0.0992334665923443,-0.380497362191714,-0.137410188669294,-0.152318647777268,0.00185169419501841,"W"
"230",-0.479660256995046,-0.0207736699644042,-0.0293610387312839,-0.016027930343763,0.181106611716284,"W"
"231",-0.878488422957868,0.442316023855535,0.294086903075586,0.195500290959108,0.100905065358189,"L"
"232",0.209107002595714,-0.72698171122789,-0.21574353641714,-0.12532681858002,0.163557188411545,"W"
"233",-0.429119255693289,0.00120243828703426,0.118759485358285,0.0205589499911183,-0.0320152060873728,"W"
"234",-0.878488422957868,0.442316023855535,0.294086903075586,0.195500290959108,0.100905065358189,"L"
"235",-0.367763640712758,-0.0219388277516271,0.120927196798817,-0.0850600763087972,-0.237978291723673,"L"
"236",0.20586009157082,-0.726855238426365,-0.32701328840033,-0.240590597947005,0.0652688864356562,"W"
"237",-0.333103686426506,-0.0939551138483263,0.0248847098500106,-0.108879108199311,-0.145080155794411,"L"
"238",-0.275152249756107,0.190817850048731,0.01872439843729,0.00715228285538677,0.107163594818149,"L"
"239",0.182788724063501,-0.324936993535694,-0.325345867492158,-0.250318622325665,0.0932692127529204,"W"
"240",-0.234221969144153,0.0547978820127763,-0.241758079176637,-0.10788863727099,0.294708371136627,"W"
"241",-0.275152249756107,0.190817850048731,0.01872439843729,0.00715228285538677,0.107163594818149,"L"
"242",-0.0323142619193602,-0.311793248032808,-0.251639345213509,-0.174992455252429,0.233486512875538,"W"
"243",0.0156869746599702,-0.348665219291983,-0.190622149306366,-0.0948711980515919,0.265767486018531,"W"
"244",-0.680337692696572,0.405674877228865,0.154944860073136,0.0837502546239976,0.191449435209423,"L"
"245",-0.463878492586572,0.230506578065112,0.126981530005365,-0.0324348554843715,-0.0511239725756964,"L"
"246",-0.2174771356442,-0.0289121939455109,0.0106289316308348,-0.102106275893749,-0.0213443139812023,"W"
"247",-0.197300853135879,-0.185438901493076,-0.249064394865865,-0.0925546073207675,0.425000938290595,"L"
"248",-0.119883992464268,-0.518483167468096,-0.109154087387964,-0.0955927575022896,0.157016138794238,"W"
"249",-0.81590865982081,0.235856929052753,0.236412921991538,0.0830286951733,0.0826980879851297,"L"
"250",-0.120627288963354,-0.502446925611634,-0.133477594543364,-0.197665362275606,0.0240223228893511,"W"
"251",-0.698109562369747,0.142870654055002,0.223848542556315,0.026685871368494,-0.011720650076399,"L"
"252",-0.670585926297379,0.0415873609167666,0.111511285056964,0.0770216329148596,0.216311831475292,"W"
"253",-0.375026713219158,-0.217829022320689,-0.00679243592891214,-0.142508768884391,-0.0189591059165855,"W"
"254",-0.272957300072176,-0.299586481642638,0.0703436718453872,-0.0668413051799727,-0.0259199104021009,"W"
"255",-0.427604722146429,-0.0935847731744507,0.162704974519317,-0.112821961692192,-0.250740798233215,"W"
"256",-0.451787590631573,-0.119263161982233,0.148817900587374,0.0155720220047664,0.0252808297495244,"W"
"257",-0.292628714841592,-0.282976965394003,0.00964028562127929,-0.148178041795128,-0.101178275132547,"L"
"258",0.0853544391010706,-0.344051168859928,-0.309183776436762,0.00144307974540811,0.11568523658983,"W"
"259",-0.740700749620845,0.466384019301397,-0.026657392742105,0.255393459601085,0.331714580466626,"L"
"260",0.0270569360659719,-0.341425129606905,-0.370717775363989,0.0386970544227572,0.339213946150346,"L"
"261",-0.306036660471814,0.112878701997293,-0.0967776817069895,0.0094218938264597,-0.0886519773518354,"W"
"262",-0.234221969144153,-0.0547978820127775,-0.241758079176638,0.107888637270986,0.294708371136645,"L"
"263",-0.463242511810564,0.91855868321136,0.0650921199672407,0.251285206671604,0.284589441277418,"L"
"264",0.02705693606597,0.341425129606904,-0.370717775363988,-0.0386970544227624,0.339213946150335,"W"
"265",0.181361193652639,0.267322985691335,-0.320669055992081,-0.149493762835617,0.0495590748691044,"L"
"266",0.309380895858548,0.107044979579388,-0.344794899850417,-0.0828539618290141,0.183260334289038,"L"
"267",0.223959676712183,0.220044962208451,-0.266268935914639,-0.0572739518442976,0.111505290655967,"L"
"268",-0.423426436477038,-0.213965037063479,-0.0291298246774562,-0.0559022081747383,0.218897613253531,"W"
"269",-0.43412420246682,-0.1862662536345,-0.0397590502004867,-0.133993848425016,0.0567635440980469,"W"
"270",-0.924224429810778,0.334375536511952,0.287682186997924,0.161149628995982,0.201710279895587,"L"
"271",-0.207974095867537,-0.311972808851575,0.094854845361262,-0.167455250078266,-0.240304911719758,"L"
"272",-0.463218409229614,-0.114103153228221,0.132326334948679,0.000979497740943251,0.0753703561058179,"W"
"273",0.0818053188139191,-0.75274953746281,-0.338435582124956,-0.317439317486804,0.105307561945397,"W"
"274",-0.253860102293219,-0.319325037197829,-0.00373001952386878,-0.166708321439035,-0.0722741916318948,"W"
"275",-0.514620146673216,-0.0508534693641188,0.160034698242093,-0.000311466059888193,0.0430037777080212,"L"
"276",0.0701242437337868,-0.742114952838233,-0.235934366603109,-0.156890447357173,0.245741982331255,"W"
"277",-0.179316047641639,-0.476451187454909,-0.186662848933802,-0.19030653896695,0.174824692007538,"W"
"278",-0.404775909867812,-0.145842871407633,0.11287149655125,-0.0919922072914788,-0.100781953516259,"L"
"279",-0.293515824737069,-0.247875207844855,0.0252909393213313,-0.218760109456059,-0.230626346661776,"W"
"280",-0.682016744895421,0.0467473696707784,0.0950197194182699,0.0624291086510365,0.266401357831586,"L"
"281",0.0909512578136938,0.357897097910933,-0.0884993747111396,0.0513379628903363,0.0695075527378154,"W"
"282",-0.10532465640495,0.593584206852209,0.0500969892631947,0.0994467118568856,0.00508598466460307,"L"
"283",-0.459572804079903,0.898157251533613,0.114720489687989,0.254716559729399,0.222949618670747,"L"
"284",-0.519267841703365,0.53544341069539,0.147219152145762,0.149870000353273,0.0760999347427957,"L"
"285",0.378195880449273,-0.447688479949607,-0.30863657081019,-0.0754566179133769,0.189054302732627,"W"
"286",-0.616152793095291,0.628802009400577,0.214979982790843,0.242583458439777,0.14502260029696,"L"
"287",0.465749081125867,-0.514274424892089,-0.237800686630575,-0.0422203719445815,0.16731385601567,"W"
"288",0.258881108519802,-0.291067760368205,-0.222383282895035,-0.0792143789562551,0.070733033443808,"W"
"289",-0.272957300072177,0.299586481642637,0.0703436718453875,0.0668413051799729,-0.0259199104021054,"L"
"290",-0.0265777339186204,0.169626317129608,-0.0926980903168864,-0.0196951798547608,-0.0337391045636143,"L"
"291",0.288710659252174,-0.22229778275961,-0.317984596915382,-0.0629230286465418,0.173687743328023,"W"
"292",-0.00607812674633429,0.205231498058795,-0.0176768472200435,-0.0582862397107359,-0.254957341649607,"W"
"293",-0.129664006642483,0.215493877787636,-0.182907773909741,0.00692048897989833,0.161219291328973,"L"
"294",-0.222619290456227,0.378066468933838,0.0166627355725556,0.0638941723024611,-0.0253490696217071,"L"
"295",0.0818168200488319,-0.678159826931763,-0.0757544416792707,-0.131227301758598,-0.098272610367592,"W"
"296",-0.255627299349197,-0.392378212196752,-0.0636359818147295,-0.0470245188440381,0.139827246020087,"W"
"297",-0.27321734004476,-0.29027562876992,-0.00797611741571876,-0.213802080744283,-0.249271676663503,"L"
"298",-0.222619290456226,-0.378066468933839,0.016662735572556,-0.063894172302461,-0.0253490696217447,"W"
"299",-0.230618856985215,-0.337553652252804,0.0464240026617228,-0.121582269752963,-0.187325460876641,"W"
"300",-0.125491608798185,-0.474279393906692,-0.0558027469710059,-0.165226478383142,-0.119451575120052,"W"
"301",-0.67760110348617,0.133160644372395,0.265768920303831,0.0459243545557204,-0.114104519180235,"L"
"302",-0.170489534806131,-0.257400135434408,0.00550344630182875,-0.133617817547912,-0.110397547209955,"W"
"303",-0.373250663041576,-0.0698124636342552,0.0782125903820761,-0.016340946733048,0.0467149983218655,"L"
"304",-0.275152249756107,-0.190817850048732,0.0187243984372904,-0.00715228285538843,0.107163594818116,"W"
"305",-0.429119255693289,-0.00120243828703583,0.118759485358285,-0.0205589499911179,-0.0320152060873838,"L"
"306",0.176243828774575,-0.599086477079661,-0.0207830278918274,-0.102967328157724,-0.0716718617546304,"W"
"307",-0.342055602806117,-0.120982755252723,-0.0222676631741702,-0.112198388768915,-0.0187819376953971,"W"
"308",-0.271338000554335,-0.124791618901042,0.0511708991548785,-0.183655483092365,-0.271094319631568,"W"
"309",-0.275152249756107,-0.190817850048732,0.0187243984372904,-0.00715228285538843,0.107163594818116,"W"
"310",-0.273510422335511,-0.113299604576468,0.111544981837206,-0.113283832020191,-0.219368816633487,"L"
"311",-0.0387189373885665,0.124361925064342,0.125327456054707,-0.132785709580696,-0.33992241544627,"L"
"312",-0.305619901503225,0.348175516145778,0.166658811332395,-0.0245232293153432,-0.148483836954772,"L"
"313",0.759232162949262,-0.664289875670616,0.413955908961745,0.437928483140781,0.152372502100317,"W"
"314",-0.245671780221132,0.195067270869551,-0.0293740416021564,-0.0351566301074322,0.17973558805196,"W"
"315",-0.133775163938844,0.193902113082328,0.120914193927944,-0.104188776072466,-0.239349315387997,"L"
"316",0.777303601129276,-0.692633388133003,0.388030483081963,0.429628725820972,0.172625257746926,"W"
"317",0.759232162949262,-0.664289875670616,0.413955908961745,0.437928483140781,0.152372502100317,"W"
"318",-0.0602997673688071,0.0396523174335788,-0.0319454549341851,-0.0805138212346247,0.0379381489624353,"W"
"319",0.257615935634041,-0.263027757774893,-0.0914919008018283,-0.112167590153518,-0.0350121014463318,"L"
"320",-0.174087230014696,1.14307643429267,-0.00397060583934342,0.284803830384356,0.344854519957095,"L"
"321",0.465749081125865,0.51427442489209,-0.237800686630575,0.0422203719445784,0.1673138560157,"L"
"322",-0.153400566769095,0.0655730386362564,-0.0791329925975178,-0.0633417628078307,-0.164398704406033,"L"
"323",0.363031198990883,-0.551966140674035,-0.404079466379842,-0.141904823862472,0.125788249014654,"W"
"324",-0.0188820727432333,-0.128089792168074,-0.188354890707897,-0.0237097382090246,0.099128833216408,"W"
"325",-0.646800018682232,0.507755112952853,0.0831331474502255,0.222296610936782,0.215494182862248,"L"
"326",-0.212283293373784,0.0388097731135191,-0.180578547811405,0.0246744382977448,0.23535179897256,"L"
"327",0.213273153635802,-0.37363837635283,-0.376131877394213,-0.191797180575615,-0.00702550174381138,"W"
"328",-0.0602997673688071,-0.0396523174335795,-0.0319454549341852,0.0805138212346236,0.0379381489624551,"L"
"329",-0.0522429481246109,0.65675127576215,-0.0214857743691299,0.158524241839426,-0.0330681313115656,"L"
"330",0.288710659252174,0.222297782759611,-0.317984596915382,0.062923028646539,0.173687743328024,"L"
"331",0.258881108519801,0.291067760368205,-0.222383282895035,0.0792143789562538,0.0707330334438311,"L"
"332",-0.106906904299622,0.686382240421917,-0.107735993685467,0.0990109085259901,-0.0182201905306045,"L"
"333",1.12091132585022,-0.544107340354501,0.0053503106446422,0.528980852007297,0.374047867643959,"W"
"334",0.378195880449271,0.447688479949608,-0.30863657081019,0.0754566179133736,0.18905430273267,"L"
"335",0.0701242437337833,0.742114952838233,-0.235934366603109,0.156890447357169,0.245741982331284,"L"
"336",-0.585624776718294,0.653700573709781,0.157397857060282,0.327857950435018,0.0485787927108619,"L"
"337",-0.537934459715977,0.597141318725821,0.0904470672496432,0.270056715793276,0.00788284904891959,"W"
"338",-0.0248069471225536,0.129249919915011,-0.0966048178090801,-0.0387426213094285,-0.348680325022849,"W"
"339",-0.253860102293221,0.319325037197828,-0.00373001952386798,0.166708321439036,-0.0722741916319186,"L"
"340",0.395400237665129,-0.414384181075701,-0.414729950550872,-0.0513163330076806,0.0589643304342166,"W"
"341",-0.0955245493743361,0.133058783563329,-0.170043380138129,0.0327144730140213,-0.0963679430866781,"L"
"342",-0.0634046802060265,-0.0922378170766246,-0.0615750169978345,-0.176547180350141,-0.427055250478039,"L"
"343",-0.193225020337007,-0.0374424970688969,-0.0430394317371195,0.0516414256977969,0.000149509958041333,"L"
"344",0.622124806794733,-0.68311215127482,0.495773363242113,0.540928582507679,-0.0951599306402139,"W"
"345",0.0935180329690235,-0.244179351797945,-0.0180197603575417,-0.0931957930166565,-0.370445646960258,"W"
"346",-0.113777898054161,0.0185575875561576,0.136717063947722,-0.0484677855917098,-0.519972475230684,"W"
"347",0.217783205031389,-0.43111299352399,-0.204625822032646,-0.161069497688619,-0.225460233402419,"W"
"348",0.0405394715334796,0.600017543444154,-0.413502168128412,0.137563580617167,0.392059429425222,"L"
"349",0.0768514818870221,0.636423680713252,-0.24939264323684,0.19563445454826,0.216629575570208,"L"
"350",0.0892284900544815,0.396023560546212,-0.222320348104383,0.157396128253254,-0.108389042123446,"W"
"351",0.0549688591778227,0.453441667533405,-0.188978435775012,0.121973849588717,-0.208258360484109,"L"
"352",-0.220663586742503,0.599604168763216,-0.294296664035787,0.284438437712183,0.290611365906824,"L"
"353",0.0598801974554732,0.355600178319344,-0.37495089485612,0.115394487119717,0.0491564554908594,"L"
"354",0.043348975597777,0.402126519314899,-0.210160026272903,0.144836266656861,0.119959335320253,"L"
"355",0.677100706495727,-0.279858282955075,-0.424298756010745,0.0915524647358678,0.239543946845497,"W"
"356",0.122210706482857,0.324553467764254,-0.294165231196269,0.0258713798977954,0.028829275644651,"L"
"357",0.16731175894913,-0.172135876670978,-0.206111607995286,-0.0590225540147083,-0.132136505460941,"L"
"358",-0.0989271077020255,0.146794442970729,0.000207734964210851,0.0408430677247453,-0.216759813748024,"L"
"359",-0.110281151163087,0.103310780062243,-0.0787521896893303,0.073411583945868,-0.0184069519682469,"W"
"360",-0.0989271077020255,0.146794442970729,0.000207734964210851,0.0408430677247453,-0.216759813748024,"L"
"361",0.456133979159833,-0.50955947164843,-0.3460169487745,-0.0913015506162476,0.0137563800086996,"W"
"362",-0.0952792547875169,0.0642437743593214,-0.196447902279936,-0.0154070497057247,-0.0270312881459599,"W"
"363",-0.391602239303629,0.372470693771951,0.00122537426223819,0.17048082802503,0.0949708507795334,"W"
"364",-0.34530947022468,0.372867134102202,0.0763218162051447,0.155233079006588,-0.0512951111816942,"L"
"365",-0.099233466592346,0.380497362191714,-0.137410188669294,0.152318647777268,0.00185169419502328,"L"
"366",0.251592889581029,0.00433029389876716,-0.353052459954764,-0.0159122817645378,-0.0258100405060392,"L"
"367",0.572239565755693,-0.355213487166265,-0.472031474188723,-0.0294637682079852,0.0880556587294277,"W"
"368",-0.409963566742325,0.681103223671572,-0.0456583421603275,0.24879490614297,0.0847006192056701,"L"
"369",0.289896281200251,-0.0503036179970954,-0.38864744718332,-0.0175848291149427,0.0324332677346076,"W"
"370",0.0775651416653935,0.201250910970544,-0.214001772400024,0.101927627389985,-0.024639032276462,"L"
"371",0.893997613085295,-0.527976966775243,0.174651411033379,0.601076073361909,0.169644719746964,"L"
"372",0.181361193652641,-0.267322985691335,-0.32066905599208,0.149493762835617,0.0495590748690623,"W"
"373",-0.273217340044761,0.29027562876992,-0.00797611741571867,0.213802080744287,-0.249271676663492,"W"
"374",-0.544614817644645,0.509525535144347,7.7573625231836e-05,0.301754936913818,-0.0512763760394902,"L"
"375",0.142473826770562,0.497542030286123,-0.523046745367567,0.302432389786635,-0.0842472420240596,"L"
"376",-0.305619901503223,-0.348175516145778,0.166658811332395,0.0245232293153457,-0.148483836954788,"W"
"377",-0.483739785625425,-0.200944600659043,0.126124919227059,0.00961253280974668,-0.068382608881226,"W"
"378",-0.441846959400185,-0.279813675706491,0.0362738911938429,-0.00815326897584315,0.0282545242569953,"W"
"379",-0.942644952733924,0.26852689786894,0.353085902869223,0.208898568194877,0.0110671908990514,"L"
"380",-0.463878492586571,-0.230506578065113,0.126981530005366,0.0324348554843729,-0.051123972575738,"W"
"381",-0.0863365956266692,-0.628834969315224,-0.0850843442982837,-0.124761366924528,-0.0824112690147598,"W"
"382",-0.452544725389966,-0.252114892277511,0.0256446656708124,-0.0862449092261204,-0.133879544898489,"W"
"383",-0.398720700903511,-0.242950160075943,0.119471273669062,-0.119332354727109,-0.350820690323276,"L"
"384",0.117711064856467,-0.860489339386233,-0.205475200113262,-0.19789541578175,-0.0606337369025893,"W"
"385",-0.0691867026390347,-0.600361070682269,0.00865847954068331,-0.113245539540718,-0.224545601111998,"W"
"386",-0.314132473871759,-0.337000061421273,0.0457196537657869,-0.177094967786966,-0.322943929984024,"W"
"387",-0.38399954491936,-0.244431741601257,0.159457310682188,-0.0873303524773968,-0.334466423836579,"L"
"388",0.161137082467142,0.372911213389394,-0.243362858454794,-0.0329406366250435,-0.168174313409147,"L"
"389",0.180154435585927,0.317253942782231,-0.252365855982119,0.0797648760889209,0.044414073663552,"W"
"390",-0.0863365956266725,0.628834969315224,-0.0850843442982838,0.12476136692453,-0.082411269014719,"L"
"391",0.367112796402376,0.10357695520214,-0.391257060940573,-0.02654717971077,0.0603963447690552,"L"
"392",-0.026577733918619,-0.169626317129608,-0.092698090316886,0.0196951798547615,-0.0337391045636509,"W"
"393",-0.486687152645571,0.251307870176984,-0.0100537018833847,0.152470461775722,0.137355024111976,"W"
"394",-0.176795075848587,0.0477272619599796,0.0619226140480188,0.0254281523167933,-0.261645383918295,"L"
"395",0.405990771650232,-0.63191666923363,-0.287669778817037,-0.0970724379420754,-0.0320261083870837,"W"
"396",-0.17125542707676,0.0291400669316553,0.0652043682550316,0.0671876440810991,-0.176073411130028,"L"
"397",-0.217477135644199,0.0289121939455105,0.0106289316308355,0.10210627589375,-0.0213443139812384,"L"
"398",-0.0433603265770097,-0.0712379385669944,0.0223185178858341,-0.054702403597169,-0.369477709738029,"W"
"399",0.700024058342875,-0.781390132268157,0.36238081553141,0.523823375545694,0.0504598708559651,"W"
"400",0.619904224673927,-0.66606455790179,0.458734087798545,0.550805308243416,-0.0372752577467603,"W"
"401",0.180336392847639,-0.351784501910048,-0.117141568352382,-0.0179729404287949,-0.157177488337292,"W"
"402",0.416894565945585,-0.00841210060226354,-0.363153507261218,0.0122590540812424,0.0395146983017858,"L"
"403",0.196319585065238,0.261292259502387,-0.233140870541537,0.00113076961541446,-0.135197068918744,"L"
"404",0.608632538938582,-0.271482760646207,-0.576392868169862,-0.0714938489066611,0.199236923780818,"W"
"405",0.00444233643185841,0.411997178208773,-0.174081935981923,0.174233030561799,0.148787566523066,"L"
"406",0.471943899015113,-0.07729177129435,-0.417872342323834,-0.0112494195699601,0.0763224602923743,"L"
"407",0.294467140698497,-0.608374447108722,-0.437192276598821,-0.111650506555629,0.105915600639193,"W"
"408",-0.434124202466821,0.186266253634499,-0.0397590502004865,0.133993848425016,0.0567635440980527,"L"
"409",-0.257794400409989,-0.00306028068161917,-0.132401788716551,0.0745701573546599,0.0734771568087645,"L"
"410",0.059880197455475,-0.355600178319344,-0.37495089485612,-0.115394487119717,0.0491564554908544,"W"
"411",-0.0955245493743354,-0.133058783563329,-0.170043380138129,-0.0327144730140191,-0.0963679430866485,"W"
"412",-0.452544725389968,0.25211489227751,0.0256446656708121,0.0862449092261237,-0.13387954489845,"L"
"413",-0.342055602806118,0.120982755252722,-0.0222676631741702,0.112198388768916,-0.0187819376953748,"L"
"414",-0.180189335249395,0.506940658950568,0.0376813996585583,0.178869320628105,-0.123585866137453,"L"
"415",0.309380895858549,-0.107044979579388,-0.344794899850416,0.0828539618290111,0.183260334289011,"W"
"416",0.244961340884617,-0.00696938851651065,-0.331442388027541,-0.0295920520002953,-0.028085776331251,"W"
"417",-0.294217540902555,0.583714279254263,-0.009711238156419,0.1930866342934,-0.00558544105635432,"L"
"418",0.374801336244635,-0.0485586815104625,-0.119091348054778,0.111726258912167,-0.158211196712942,"L"
"419",0.869294626208868,-0.510933136728134,0.222186908840384,0.595696060445961,0.147116228275144,"L"
"420",0.0892284900544836,-0.396023560546211,-0.222320348104383,-0.157396128253252,-0.10838904212349,"L"
"421",-0.0836573150783422,-0.118965200526974,0.0595845865265423,-0.0801305559139599,-0.390253528405091,"W"
"422",-0.1562954686763,-0.0121220810307923,0.136943857144862,-0.0640192121727638,-0.482863621004293,"W"
"423",-0.176795075848587,-0.0477272619599793,0.0619226140480189,-0.0254281523167886,-0.2616453839183,"W"
"424",-0.688850267290569,0.423659152935625,0.207048583324762,0.19534060164572,-0.0206249128354538,"L"
"425",-0.0989271077020247,-0.146794442970729,0.000207734964210888,-0.0408430677247415,-0.216759813748038,"W"
"426",-0.639655632900959,0.386859809214397,0.20623854249032,0.160428378200958,-0.0488516347276751,"L"
"427",0.168427965219527,-0.471983214678201,-0.185060910253754,-0.092334709690114,-0.08636176399336,"W"
"428",-0.0989271077020247,-0.146794442970729,0.000207734964210888,-0.0408430677247415,-0.216759813748038,"W"
"429",-0.404775909867812,0.145842871407632,0.112871496551251,0.0919922072914809,-0.100781953516292,"W"
"430",-0.275534563711722,0.0317397181794115,0.118643521086156,0.0929717050324245,-0.106268892963281,"L"
"431",-0.154002117030893,0.809990087539167,-0.308621160027282,0.382032948490551,0.110097884028311,"L"
"432",-0.156305078168767,0.0852913373728441,-0.0517068738807198,-0.0584880878120272,-0.171570882265902,"L"
"433",0.180154435585929,-0.31725394278223,-0.252365855982119,-0.0797648760889211,0.0444140736635336,"L"
"434",0.61841099355875,-0.728059569448966,-0.105405059706076,0.158457890747667,0.167857366054743,"W"
"435",0.0775651416653947,-0.201250910970544,-0.214001772400024,-0.101927627389985,-0.0246390322764721,"W"
"436",-0.625629121604049,0.510812940773647,0.114455902032971,0.211302509853111,0.155897539623298,"W"
"437",-0.433946236605969,0.292479757560761,-0.00685807639426589,0.155174538685538,0.202583611513344,"L"
"438",-0.156305078168767,-0.085291337372844,-0.0517068738807195,0.0584880878120304,-0.171570882265918,"W"
"439",-0.251098735657569,-0.0434237364385303,-0.123761385898082,0.0721684250261032,0.0509624705513587,"W"
"440",-0.643833786576485,0.394560975328183,0.116636556358977,0.205355366565015,-0.0622312307837862,"L"
"441",0.16882828862912,-0.457385035568696,-0.247761484873189,-0.0330933991350637,-0.0933329464247549,"L"
"442",0.142473826770565,-0.497542030286123,-0.523046745367566,-0.302432389786633,-0.0842472420241264,"W"
"443",-0.333103686426506,0.0939551138483254,0.0248847098500112,0.108879108199313,-0.145080155794433,"W"
"444",-0.463074103462981,0.240670870240978,0.112602189310227,0.173631321836895,-0.123927682450422,"L"
"445",-0.170489534806132,0.257400135434408,0.00550344630182908,0.133617817547914,-0.110397547209956,"L"
"446",0.172470734639066,-0.136725741653887,-0.252756941495478,-0.0436442086301783,-0.0826875406292564,"W"
"447",-0.321256651471596,0.402913453540025,0.0504433266539228,0.177811081194377,-0.0510266119192637,"L"
"448",0.193218237747861,-0.0980182579763422,-0.14265240443614,-0.0453261496851781,-0.267406904634103,"W"
"449",-0.230618856985217,0.337553652252804,0.0464240026617229,0.121582269752966,-0.187325460876629,"L"
"450",0.223959676712185,-0.220044962208451,-0.266268935914638,0.0572739518442957,0.111505290655925,"W"
"451",-0.502016334585101,0.556803558627231,0.0544776937026735,0.209535125922497,0.0106698397473725,"L"
"452",0.474947081189028,-0.114823719131638,-0.404499740871552,-0.006221558653309,-0.0311197151650828,"W"
"453",-0.120627288963356,0.502446925611634,-0.133477594543363,0.197665362275606,0.0240223228893673,"L"
"454",0.28989628120025,0.0503036179970964,-0.388647447183321,0.0175848291149427,0.0324332677346153,"L"
"455",0.166093433432665,0.228309959509946,-0.272222822384261,0.0158381784143415,-0.0360722607358515,"W"
"456",-0.403546663021203,0.771207469033603,-0.0490378445213389,0.297165824291902,0.234731773981943,"L"
"457",0.106746366657261,0.316051798867119,-0.231692030238283,-0.0268421982751731,-0.180532349797722,"L"
"458",0.672629877480382,-0.631057087782333,0.451545301887663,0.58940346334962,-0.104216601271295,"W"
"459",0.363899960240201,-0.456814959172773,-0.163592188682858,-0.0318945255513802,-0.213072669454992,"W"
"460",0.696276466836785,-0.657809185703742,0.436208985494846,0.588358272276301,-0.07977133406422,"W"
"461",0.098504155780885,-0.100016691785352,0.0600963386704149,0.0022832778438137,-0.462772960229027,"L"
"462",-0.279639117558898,0.517147112279446,-0.199873820151143,0.234107588001642,0.250382979301282,"L"
"463",0.172470734639065,0.136725741653888,-0.252756941495478,0.04364420863018,-0.0826875406292409,"L"
"464",0.189247185151396,0.0886450232328117,-0.295923341083606,0.0716082165069946,0.0555144610829703,"W"
"465",-0.125491608798187,0.474279393906692,-0.055802746971006,0.165226478383144,-0.119451575120025,"L"
"466",0.367112796402376,-0.103576955202139,-0.391257060940573,0.0265471797107694,0.0603963447690458,"W"
"467",0.018898915777026,0.270082841153955,-0.206857428873281,0.139633794763836,0.0497354330507882,"L"
"468",0.0910495549117059,0.301444423031649,-0.090142329763605,0.0430460663699472,-0.349059847147925,"L"
"469",0.933264091687352,0.223116885106269,0.140982576201146,-0.780042300364209,0.156539749462173,"W"
"470",0.835738762203208,0.409342834133678,0.403757225556156,-0.67529468930599,-0.0227375389036487,"L"
"471",0.837621507315683,0.817836534014201,0.244420349426553,-0.592621237921286,0.130180879082708,"L"
"472",0.97227928474091,0.661942714156279,0.16704279573961,-0.621237901605037,0.187097614753932,"L"
"473",1.50088605856662,0.223009914679405,0.680835919339264,0.0128864739192992,0.462383331073976,"L"
"474",-0.470570308079925,0.258416482351834,0.0813884202463933,0.172724844685101,-0.0137319193815901,"L"
"475",-0.470570308079925,0.258416482351834,0.0813884202463933,0.172724844685101,-0.0137319193815901,"L"
"476",0.207624853091125,-0.439242983127589,-0.203878811994116,-0.0492476253053003,-0.12940314531715,"W"
"477",-0.0444604272067443,-0.086224968976361,0.0407666847861812,-0.0370434715291462,-0.433294909728881,"W"
"478",-0.0771788000501425,-0.0992338536817458,-0.0393519956202995,-0.0276912743826559,-0.275769379169142,"W"
"479",-0.383999544919361,0.244431741601256,0.159457310682188,0.0873303524774027,-0.334466423836584,"W"
"480",-0.273510422335511,0.113299604576468,0.111544981837206,0.113283832020195,-0.21936881663351,"W"
"481",-0.424277539000975,0.258812922682085,0.1564848621893,0.157477095666659,-0.159997881342818,"L"
"482",0.12184553397412,-0.47946890741301,-0.184025780866368,-0.156721266113077,-0.279595818224618,"W"
"483",-0.486862556510952,0.181799254277033,0.204984365415173,0.144942902714439,-0.206330500868698,"W"
"484",-0.663043762539338,0.342586372359957,0.235920143975833,0.190981269633552,-0.138225635577346,"L"
"485",0.145039835581148,-0.516256651532641,-0.155379308768242,-0.0617818182575205,-0.175735764843031,"W"
"486",-0.0436783799880238,-0.210403374298383,0.110853632984251,-0.0449101513541911,-0.511318161638527,"W"
"487",0.0276123327085055,-0.319132457239335,0.011888634325111,-0.078194328165117,-0.422710793583538,"W"
"488",-0.129310380466545,-0.167190922518014,-0.0316666223151818,-0.161545715498601,-0.479320397101318,"W"
"489",-0.712238396928948,0.379385716081185,0.236730184810275,0.225893493078313,-0.109998913685124,"L"
"490",-0.709403914013988,0.366649987436858,0.232332485468496,0.241102178542684,-0.0512979639772286,"L"
"491",-0.23683234107379,-0.126824105465848,-0.0677853530699072,-0.025697225997874,-0.182066677832964,"L"
"492",0.247489189294034,-0.583823128106649,-0.089455732645756,-0.0653679415417812,-0.25628114544719,"W"
"493",0.750719590580726,-0.675465330395121,0.293016751395137,0.639546680243095,-0.0220875909289298,"W"
"494",-0.21245575152627,0.208949054965549,-0.0780651310065455,0.109641969624809,-0.260426917962692,"L"
"495",0.106708271522852,-0.179408153729763,-0.33193802155926,0.00184476566752346,-0.147012280834963,"W"
"496",-0.168571458265188,0.13605546076223,-0.0855171691635258,0.186707500596715,-0.0908976564250131,"W"
"497",-0.314132473871761,0.337000061421273,0.0457196537657872,0.177094967786971,-0.322943929984019,"L"
"498",0.386686626838078,-0.630739359783225,-0.299824894090038,-0.0340679435288024,-0.133669554978605,"W"
"499",-0.0680727693842261,-0.0890702175869958,-0.119553576846148,-0.0948921033828754,-0.466612855448714,"L"
"500",0.803175425622036,-0.949911434127121,0.209697532838392,0.557531354447048,0.069178741888155,"W"
"501",0.428848266668442,-0.40609132641205,0.668876017620615,0.688349707485534,-0.341723888845267,"W"
"502",0.228780444455549,-0.36752423688989,-0.0169046383743406,0.0948802332646044,-0.3425122528451,"W"
"503",-0.190596626367041,-0.00963639483190756,-0.0379765950102681,0.129775019769445,-0.160734800002647,"L"
"504",0.114381539902221,-0.250396847910398,-0.0520448445518984,-0.00159038979576812,-0.440387395296506,"W"
"505",0.428848266668442,-0.40609132641205,0.668876017620615,0.688349707485534,-0.341723888845267,"L"
"506",0.562300375239669,0.749849861130822,-0.0783597406762686,-0.338469500992224,0.296019345485456,"L"
"507",0.339701934995702,0.0489529655215171,-0.390083857268857,0.0242106057992303,-0.0286062367339138,"L"
"508",0.184723153475289,0.265850948726002,-0.271345071539279,-0.00269167462589587,-0.243073938166513,"W"
"509",0.430594537040772,-0.0316284787068026,-0.362828696709761,0.0806751347930956,-0.00876164943999418,"L"
"510",-0.454435856603375,0.720469286489752,-0.0201970861799902,0.313933733543264,0.0960255816858324,"L"
"511",0.251592889581029,-0.00433029389876634,-0.353052459954764,0.0159122817645386,-0.0258100405060421,"W"
"512",-0.173413919109542,0.513910047467079,0.0138211313653219,0.208461372628401,-0.144620303349016,"L"
"513",0.28356121298843,-0.0221201860875804,-0.334376329775522,0.0187275101580926,-0.081147399776988,"W"
"514",0.244961340884617,0.00696938851651153,-0.331442388027541,0.0295920520002961,-0.0280857763312518,"L"
"515",-0.259918488690334,0.489400374632538,-0.145908763949006,0.273014447840061,0.201412603283774,"L"
"516",0.181695145868005,0.586006645563947,-0.425604186709316,0.127219963673104,0.246190783109551,"L"
"517",0.395400237665127,0.414384181075702,-0.414729950550872,0.0513163330076799,0.0589643304342707,"L"
"518",0.210224799213876,0.645284453853092,-0.264786522146382,0.0906101684906995,-0.0694127498107559,"L"
"519",0.801505777134236,-0.98969605225914,0.324436844470628,0.486188941347738,0.0445583236445757,"W"
"520",0.639433658485136,-0.746481267838619,0.537197798633217,0.550196055302317,-0.134892686647394,"W"
"521",-0.215171862270439,0.0514807569317531,0.18906455360488,-0.00955818821552452,-0.483577398386666,"W"
"522",-0.190878424216924,-0.261672076494738,-0.164428800119309,0.019545794920731,0.0848305499928187,"W"
"523",0.0549688591778249,-0.453441667533405,-0.188978435775011,-0.121973849588714,-0.208258360484168,"W"
"524",-0.215171862270439,-0.0514807569317525,0.18906455360488,0.00955818821553256,-0.483577398386661,"L"
"525",0.203301757208447,-0.574865044074705,-0.114507286598632,-0.0376438232536278,-0.227307782337239,"W"
"526",-0.367763640712757,0.0219388277516262,0.120927196798817,0.085060076308801,-0.237978291723716,"W"
"527",-0.133775163938843,-0.193902113082328,0.120914193927945,0.10418877607247,-0.239349315388029,"W"
"528",-0.42760472214643,0.0935847731744497,0.162704974519317,0.112821961692197,-0.250740798233254,"L"
"529",0.210224799213879,-0.645284453853091,-0.264786522146381,-0.0906101684906982,-0.0694127498108349,"W"
"530",-0.306036660471813,-0.112878701997294,-0.0967776817069883,-0.00942189382645778,-0.0886519773519191,"L"
"531",-0.0760589478827775,0.868199692587676,-0.202758579613932,0.23799206375687,0.170449879396719,"L"
"532",0.253181255104646,0.543067508345732,-0.356047998733789,0.0588174227261957,-0.0280965982099157,"L"
"533",0.419086718158323,0.252515130841739,-0.229775596972898,-0.136872805279703,-0.162726808165301,"L"
"534",0.869853475938142,-0.273596886773663,-0.348607629640117,0.0335798953703194,0.205235135771361,"W"
"535",0.299188666373899,0.344348814083072,-0.210219476898659,-0.0435141668386231,-0.0278359056705147,"L"
"536",0.560798017908139,0.0411274287568605,-0.403392765370602,-0.160009965616824,0.0146702747998897,"L"
"537",0.209107002595711,0.72698171122789,-0.21574353641714,0.125326818580017,0.163557188411568,"L"
"538",0.209960066554613,0.729821157652791,-0.284046663445334,0.0330378683191575,0.379421427650799,"L"
"539",0.677100706495725,0.279858282955077,-0.424298756010745,-0.0915524647358717,0.23954394684551,"L"
"540",0.844085696995892,0.131688201626164,-0.385426357064601,-0.0964928319557172,0.175719900559343,"L"
"541",0.294467140698495,0.608374447108724,-0.437192276598821,0.111650506555629,0.1059156006392,"L"
"542",0.363031198990881,0.551966140674036,-0.404079466379841,0.14190482386247,0.125788249014664,"L"
"543",0.117711064856463,0.860489339386235,-0.205475200113262,0.197895415781752,-0.0606337369025426,"L"
"544",0.0546483152613928,-0.192308351773487,-0.214448604404549,-0.052497102167243,-0.143608267131757,"W"
"545",-0.75842862455718,0.604223627205764,0.109034664050722,0.301388206033838,0.146321361737952,"L"
"546",-0.23683234107379,0.126824105465848,-0.067785353069908,0.0256972259978776,-0.182066677832903,"W"
"547",-0.0952792547875164,-0.0642437743593212,-0.196447902279936,0.015407049705726,-0.0270312881459276,"L"
"548",1.11220978540563,0.535430229574706,0.226136477571124,-0.514816952291041,0.254588613839766,"L"
"549",0.166093433432666,-0.228309959509945,-0.27222282238426,-0.0158381784143404,-0.0360722607358773,"L"
"550",0.237634042230182,-0.256695475399266,-0.190150826761804,0.00177608731933925,-0.165848556444541,"W"
"551",0.299188666373901,-0.34434881408307,-0.210219476898659,0.0435141668386237,-0.0278359056705296,"W"
"552",-0.0918999560342938,0.10071543520706,-0.0793380326334254,-0.00431072786705133,-0.292123645655819,"L"
"553",-0.292628714841593,0.282976965394002,0.0096402856212798,0.14817804179513,-0.101178275132556,"W"
"554",-0.077178800050143,0.0992338536817462,-0.0393519956202997,0.0276912743826606,-0.275769379169122,"L"
"555",0.121845533974118,0.479468907413011,-0.184025780866369,0.156721266113082,-0.279595818224575,"L"
"556",0.150773312384324,0.416608275530247,-0.210425628144868,0.22903364930998,-0.104649844586652,"L"
"557",0.560798017908139,-0.0411274287568582,-0.403392765370601,0.160009965616824,0.0146702747998883,"W"
"558",0.1827887240635,0.324936993535695,-0.325345867492157,0.250318622325664,0.0932692127528991,"L"
"559",-0.0387189373885653,-0.124361925064341,0.125327456054708,0.132785709580701,-0.339922415446322,"W"
"560",-0.1562954686763,0.012122081030793,0.136943857144863,0.0640192121727719,-0.482863621004329,"L"
"561",0.720523665515161,-0.816995313197344,0.437402058628253,0.562414435401673,-0.170758366230069,"W"
"562",0.664050421202616,-0.728421836752386,0.518419014502571,0.588351177026076,-0.234048227625719,"W"
"563",0.263025874556232,-0.454145683550835,-0.103903909682107,-0.0624680257284874,-0.406455936345998,"W"
"564",0.236062230082869,-0.449670581080146,-0.166643854379371,-0.112601712096904,-0.388793797594999,"W"
"565",-0.00607812674633261,-0.205231498058794,-0.0176768472200421,0.0582862397107401,-0.254957341649685,"L"
"566",0.251727558685229,-0.389249423935676,0.079055889127249,0.0616929418890543,-0.466288212067005,"W"
"567",-0.113777898054161,-0.0185575875561567,0.136717063947722,0.0484677855917183,-0.519972475230713,"L"
"568",0.0910495549117078,-0.301444423031647,-0.0901423297636041,-0.0430460663699413,-0.349059847147992,"W"
"569",-0.0723306887118813,0.721027545304518,-0.219825514859408,0.200108411377097,0.271561944053735,"L"
"570",0.0818168200488292,0.678159826931764,-0.0757544416792705,0.131227301758599,-0.0982726103675715,"L"
"571",0.203301757208445,0.574865044074706,-0.114507286598633,0.0376438232536318,-0.227307782337198,"L"
"572",0.820287642185412,-0.164145499694236,-0.488365636623764,-0.00226447601844126,0.139887450643898,"W"
"573",-0.00882097443755045,0.743519628218985,-0.0717351176870705,0.187456113200011,0.038026238589794,"L"
"574",0.268112285960532,0.662487130067171,-0.335817704297273,0.206610975338367,0.167222897926085,"L"
"575",0.137919373348182,0.868840134588522,-0.141789292920435,0.242623415166892,-0.0346691309904289,"L"
"576",0.608632538938581,0.271482760646209,-0.576392868169861,0.0714938489066588,0.199236923780811,"L"
"577",0.44561802547593,-0.667773412379014,-0.300678773756203,0.0523164031248241,-0.117695889159233,"W"
"578",-0.647480957637794,0.467891398810811,0.127856598902074,0.308799337102708,-0.115391797157326,"L"
"579",0.161137082467144,-0.372911213389393,-0.243362858454794,0.032940636625047,-0.168174313409195,"W"
"580",-0.0248069471225526,-0.12924991991501,-0.0966048178090798,0.0387426213094348,-0.348680325022866,"L"
"581",0.106746366657263,-0.316051798867118,-0.231692030238283,0.026842198275177,-0.18053234979777,"W"
"582",-0.720707167818914,0.565905204469543,0.226498316872181,0.35859682406036,-0.138174048186031,"W"
"583",-0.271338000554335,0.124791618901041,0.0511708991548793,0.18365548309237,-0.271094319631592,"L"
"584",0.826116857483993,-0.553090065546419,-0.134191727605191,0.266451887602361,-0.000879726844630918,"W"
"585",-0.226240372680726,0.467449261463307,-0.0356447442933813,0.263168535540232,0.0338465186139699,"W"
"586",0.0276123327085043,0.319132457239336,0.0118886343251112,0.078194328165124,-0.422710793583531,"L"
"587",0.0546483152613919,0.192308351773488,-0.214448604404548,0.0524971021672464,-0.143608267131811,"L"
"588",0.193218237747861,0.0980182579763435,-0.142652404436139,0.0453261496851828,-0.267406904634127,"L"
"589",0.972279284740913,-0.661942714156276,0.167042795739611,0.621237901605033,0.187097614753914,"W"
"590",0.0935180329690225,0.244179351797946,-0.0180197603575414,0.0931957930166628,-0.370445646960259,"L"
"591",0.0818053188139159,0.752749537462811,-0.338435582124955,0.317439317486803,0.105307561945417,"L"
"592",-0.0836573150783425,0.118965200526975,0.0595845865265428,0.0801305559139666,-0.390253528405108,"L"
"593",0.837621507315687,-0.817836534014198,0.244420349426555,0.592621237921283,0.13018087908268,"W"
"594",0.898760693449674,-0.864793501676725,0.228298789721662,0.540455406812692,0.0380128752654704,"W"
"595",0.19631958506524,-0.261292259502386,-0.233140870541536,-0.00113076961541164,-0.135197068918814,"W"
"596",-0.22981356223729,0.177548465301391,-0.0573617366741859,0.113740423214464,-0.0710379433258145,"L"
"597",0.690452687719153,-0.559397228756812,0.488802842626796,0.615882408490351,-0.191199346791834,"W"
"598",0.182581551572813,-0.199965119114733,-0.146734756432954,-0.0197350658254869,-0.305630220118026,"W"
"599",-0.0444604272067444,0.086224968976362,0.0407666847861815,0.0370434715291535,-0.433294909728893,"L"
"600",-0.04336032657701,0.0712379385669955,0.0223185178858347,0.0547024035971756,-0.369477709738052,"L"
"601",0.803175425622032,0.949911434127124,0.209697532838392,-0.557531354447049,0.0691787418881566,"L"
"602",0.67262987748038,0.631057087782336,0.451545301887663,-0.589403463349619,-0.104216601271337,"L"
"603",0.622124806794731,0.683112151274822,0.495773363242113,-0.540928582507679,-0.0951599306402543,"L"
"604",1.50088605856662,-0.2230099146794,0.680835919339265,-0.0128864739193083,0.462383331073918,"W"
"605",0.965127265742038,0.241808605183571,0.211750563496772,-0.617711865616742,0.138008362178127,"W"
"606",0.619904224673924,0.666064557901793,0.458734087798545,-0.550805308243416,-0.0372752577468135,"L"
"607",-0.153400566769094,-0.0655730386362564,-0.0791329925975171,0.0633417628078339,-0.164398704406073,"W"
"608",-0.485291464064075,0.256934900826521,0.0414023832332676,0.204726846934813,-0.0300861858682856,"L"
"609",0.253181255104649,-0.54306750834573,-0.356047998733788,-0.0588174227261944,-0.0280965982099845,"W"
"610",-0.328894751260186,0.174745097151928,0.0979474762458837,0.11144188144709,-0.333051851031672,"L"
"611",0.164515136233754,-0.368253113844728,-0.13867943846516,0.0316879938889407,-0.23734895481484,"W"
"612",-0.0918999560342929,-0.10071543520706,-0.0793380326334252,0.00431072786705692,-0.292123645655838,"W"
"613",-0.398720700903512,0.242950160075943,0.119471273669063,0.119332354727115,-0.35082069032328,"W"
"614",-0.497380803562448,0.325132184241946,0.13487022430161,0.179174641030679,-0.20266602059969,"L"
"615",-0.502508409259457,0.234839258242304,-0.0315915719961632,0.202131396093458,0.0571835576344274,"L"
"616",0.167311758949129,0.172135876670979,-0.206111607995285,0.0590225540147111,-0.132136505460935,"W"
"617",-0.422611400639414,0.742589472577334,0.000729240365265657,0.295206223385173,0.0639983954516492,"L"
"618",0.339701934995702,-0.0489529655215155,-0.390083857268856,-0.0242106057992291,-0.0286062367339334,"W"
"619",-0.377995243334924,0.698893115860386,-0.0269822119810849,0.245979677749417,0.0293632599347117,"L"
"620",0.28356121298843,0.0221201860875818,-0.334376329775522,-0.0187275101580905,-0.0811473997769977,"L"
"621",0.182581551572812,0.199965119114735,-0.146734756432954,0.0197350658254927,-0.305630220117988,"L"
"622",1.37341679375252,-0.543820107715069,0.895795573861189,-0.130818353038486,0.163208974022286,"W"
"623",1.37341679375252,-0.543820107715069,0.895795573861189,-0.130818353038486,0.163208974022286,"W"
"624",0.428848266668441,0.406091326412052,0.668876017620615,-0.68834970748553,-0.341723888845353,"L"
"625",1.26781791941596,-0.389178799739507,1.02753957214946,-0.0927479807083101,0.0470478251259674,"W"
"626",0.428848266668441,0.406091326412052,0.668876017620615,-0.68834970748553,-0.341723888845353,"W"
"627",0.987899523001113,-0.80100727833891,0.273265396417124,0.522067880477914,0.0116589682989951,"W"
"628",0.825827404352013,-0.557792493918389,0.486026350579714,0.586074994432492,-0.167792041992974,"W"
"629",0.0985041557808849,0.100016691785354,0.0600963386704152,-0.00228327784380583,-0.46277296022905,"W"
"630",-0.18525475097372,0.399851337777741,0.246429311403352,0.151611270310043,-0.395457030656529,"L"
"631",0.876586029308839,-0.881726365766476,0.180322328653928,0.58709275306331,0.0160008079396897,"W"
"632",0.476894274881131,-0.579560100344525,-0.32890831223695,0.0514373242279748,-0.144939681110456,"W"
"633",-0.410596450319154,0.39590587065387,0.106093605825179,0.230853456560734,-0.273114765934736,"L"
"634",0.128564038933129,-0.182192203997673,-0.238891314029428,-0.0610992564619955,-0.40052199032172,"W"
"635",-0.29351582473707,0.247875207844855,0.0252909393213326,0.218760109456063,-0.230626346661824,"L"
"636",0.286525719539992,-0.359760325673716,-0.291979586065425,-0.0498530221050911,-0.318195772321559,"W"
"637",0.18472315347529,-0.265850948726001,-0.271345071539278,0.00269167462590041,-0.243073938166568,"L"
"638",0.0853544391010693,0.344051168859929,-0.309183776436761,-0.00144307974540916,0.115685236589776,"L"
"639",0.00376098554859035,0.542998210996658,-0.02231276740103,0.0797538875581501,-0.169188307640169,"L"
"640",0.164515136233752,0.36825311384473,-0.13867943846516,-0.0316879938889359,-0.237348954814822,"L"
"641",0.374435422498611,0.115287223435132,-0.33037493919991,-0.144466065880991,-0.166209701595171,"L"
"642",0.430594537040772,0.0316284787068043,-0.36282869670976,-0.080675134793095,-0.00876164944001905,"W"
"643",0.25761593563404,0.263027757774894,-0.0914919008018278,0.112167590153519,-0.0350121014463336,"W"
"644",0.180336392847637,0.351784501910049,-0.117141568352382,0.0179729404287981,-0.157177488337283,"L"
"645",0.476894274881128,0.579560100344528,-0.328908312236951,-0.0514373242279718,-0.144939681110397,"L"
"646",0.820287642185411,0.164145499694239,-0.488365636623764,0.00226447601843963,0.139887450643917,"L"
"647",-0.136336505880451,0.765856748894849,-0.0905754298873848,0.196420264086266,0.0527890658028311,"L"
"648",0.145039835581146,0.516256651532642,-0.155379308768242,0.0617818182575239,-0.175735764842978,"L"
"649",-0.108812869808084,0.664573455756613,-0.202912687386735,0.246756025632631,0.280821547354523,"L"
"650",0.168828288629118,0.457385035568697,-0.247761484873189,0.033093399135066,-0.0933329464247227,"W"
"651",0.168427965219525,0.471983214678202,-0.185060910253755,0.0923347096901162,-0.086361763993322,"L"
"652",0.207624853091123,0.43924298312759,-0.203878811994116,0.049247625305303,-0.129403145317107,"L"
"653",0.965127265742038,-0.241808605183567,0.211750563496772,0.617711865616739,0.138008362178212,"L"
"654",0.962127758178367,0.817628764759759,0.249886234693858,-0.535787893685518,0.00632224288171829,"L"
"655",0.405990771650229,0.631916669233631,-0.287669778817037,0.0970724379420766,-0.0320261083870482,"L"
"656",0.962127758178371,-0.817628764759756,0.249886234693859,0.535787893685517,0.00632224288169522,"W"
"657",-0.207974095867538,0.311972808851575,0.0948548453612634,0.16745525007827,-0.240304911719818,"W"
"658",-0.0436783799880245,0.210403374298383,0.110853632984252,0.0449101513541993,-0.51131816163854,"L"
"659",0.962127758178371,-0.817628764759756,0.249886234693859,0.535787893685517,0.00632224288169522,"W"
"660",0.800055639529271,-0.574413980339235,0.462647188856448,0.599795007640096,-0.173128767410274,"L"
"661",0.838457445661801,-0.634643944321807,0.407555658861912,0.582158023335502,-0.130091661661232,"W"
"662",-0.15656866914736,0.309616384570573,0.138734763809383,0.111815837599353,-0.413179161424713,"L"
"663",0.416894565945585,0.00841210060226512,-0.363153507261217,-0.0122590540812423,0.0395146983017426,"W"
"664",-0.140323169225606,0.581259801710037,-0.088279827326119,0.223423587390651,0.151641550163293,"L"
"665",0.254126998838999,0.157004238279125,-0.305347471945329,0.0801389524445271,0.177540833811924,"L"
"666",0.237634042230181,0.256695475399267,-0.190150826761804,-0.00177608731933604,-0.165848556444546,"L"
"667",0.410378764607505,0.0211892733251748,-0.308945199771047,0.050809196973502,0.0923458574822386,"W"
"668",-0.0691867026390375,0.60036107068227,0.00865847954068368,0.113245539540723,-0.224545601111989,"L"
"669",1.37341679375251,0.543820107715074,0.895795573861188,0.130818353038481,0.163208974022374,"L"
"670",-0.0634046802060266,0.0922378170766256,-0.0615750169978343,0.176547180350149,-0.427055250478035,"W"
"671",-0.0680727693842261,0.0890702175869969,-0.119553576846148,0.0948921033828837,-0.466612855448712,"W"
"672",-0.296658516274983,0.340017399576527,0.0805298943806532,0.281966847662057,-0.368795991536596,"W"
"673",-0.129310380466545,0.167190922518015,-0.0316666223151817,0.16154571549861,-0.479320397101307,"L"
"674",0.14888302658927,-0.161482801206542,-0.273866681390416,0.033984291088816,-0.404278256086187,"L"
"675",1.14261792693591,-0.0930456140956334,0.0660652671766605,0.715284765156048,0.169772050591965,"L"
"676",0.205860091570817,0.726855238426365,-0.32701328840033,0.240590597947004,0.0652688864356743,"L"
"677",0.800055639529269,0.574413980339239,0.462647188856447,-0.599795007640094,-0.17312876741029,"W"
"678",0.82582740435201,0.557792493918393,0.486026350579713,-0.58607499443249,-0.167792041992989,"L"
"679",0.0581175836133061,0.100462735592849,-0.496341858039906,0.115130450283052,0.351627677575158,"W"
"680",-0.106783333491897,0.388357208695312,-0.244080717941009,0.107797203957286,-0.0619802212698062,"L"
"681",0.106708271522852,0.179408153729764,-0.33193802155926,-0.00184476566751992,-0.147012280834926,"L"
"682",1.64214507836955,-0.15464130797556,0.568361087367237,-0.0380703723301789,0.457950455859452,"W"
"683",0.555299423745989,0.912757897823059,0.354948629133607,-0.52160495329848,0.0831972242827634,"L"
"684",1.43383707263903,0.150754964944353,0.828865140272371,0.0373566293474795,0.228738233802148,"L"
"685",0.777303601129274,0.692633388133005,0.388030483081963,-0.429628725820975,0.17262525774688,"L"
"686",1.58567183405701,0.243214784420523,0.649378043241554,0.0640071139545736,0.394660594463827,"L"
"687",0.759232162949259,0.664289875670619,0.413955908961745,-0.437928483140784,0.152372502100267,"L"
"688",0.869294626208867,0.510933136728137,0.222186908840384,-0.595696060445963,0.14711622827508,"W"
"689",0.759232162949259,0.664289875670619,0.413955908961745,-0.437928483140784,0.152372502100267,"L"
"690",0.236062230082867,0.449670581080148,-0.166643854379371,0.112601712096911,-0.388793797594937,"L"
"691",0.0708379883136989,0.54543316570586,-0.249097283874016,0.153411194200101,-0.134838207082111,"W"
"692",0.217783205031388,0.431112993523991,-0.204625822032646,0.161069497688623,-0.225460233402385,"L"
"693",0.286525719539991,0.359760325673718,-0.291979586065425,0.0498530221050971,-0.318195772321518,"L"
"694",0.688685139794807,-0.465695245654196,-0.409421686109633,0.194182862068053,0.0120866490057101,"W"
"695",-0.275371177799218,0.509900791236119,-0.150293117501483,0.317504918926867,0.041053067351386,"L"
"696",0.128564038933128,0.182192203997675,-0.238891314029429,0.061099256462003,-0.400521990321688,"L"
"697",0.374435422498611,-0.11528722343513,-0.33037493919991,0.144466065880995,-0.166209701595169,"W"
"698",-0.275371177799218,0.509900791236119,-0.150293117501483,0.317504918926867,0.041053067351386,"L"
"699",1.18464728741063,-0.51749093762207,0.0270551190568765,0.586812088799986,0.222252885743568,"W"
"700",0.263025874556229,0.454145683550837,-0.103903909682108,0.0624680257284945,-0.406455936345946,"L"
"701",0.474947081189028,0.11482371913164,-0.404499740871551,0.00622155865331025,-0.0311197151651072,"L"
"702",0.445618025475926,0.667773412379016,-0.300678773756204,-0.0523164031248214,-0.117695889159186,"L"
"703",0.659053993240588,0.427605371384084,-0.434005246923238,-0.0969719835102209,-0.0372608646718569,"L"
"704",0.777632366660178,-0.454554660810094,0.389128042146076,0.699888849784941,-0.168564718726871,"W"
"705",0.419086718158325,-0.252515130841736,-0.229775596972898,0.136872805279707,-0.162726808165338,"W"
"706",-0.106321872942722,0.318797170517207,0.00707298773666593,0.255817738440147,-0.223833169115865,"L"
"707",0.663008526924107,0.0480570390394224,-0.407760052330849,-0.170773923879963,-0.0797880741785377,"W"
"708",0.176243828774573,0.599086477079662,-0.0207830278918269,0.102967328157725,-0.0716718617546398,"L"
"709",0.663008526924107,0.0480570390394224,-0.407760052330849,-0.170773923879963,-0.0797880741785377,"L"
"710",0.962127758178367,0.817628764759759,0.249886234693858,-0.535787893685518,0.00632224288171829,"L"
"711",0.567260503602785,-0.458226813427348,-0.284832013979915,-0.0567025526968469,-0.14063908635683,"W"
"712",1.58567183405701,-0.243214784420518,0.649378043241555,-0.0640071139545812,0.394660594463788,"W"
"713",1.46200152154044,-0.0602299639825688,0.807047467409608,-0.0176369843045966,0.25824668992086,"L"
"714",0.696276466836783,0.657809185703746,0.436208985494846,-0.588358272276301,-0.0797713340642578,"L"
"715",1.14261792693591,0.0930456140956376,0.0660652671766606,-0.715284765156051,0.169772050591875,"W"
"716",0.639433658485133,0.746481267838623,0.537197798633217,-0.550196055302315,-0.134892686647417,"L"
"717",0.783931459712106,-0.279152848906285,0.549669577599901,0.675002341446205,-0.241485265512146,"L"
"718",1.0589500669863,-0.699514586216722,0.174874711688675,0.559121744242819,0.0645454675711242,"W"
"719",0.896877948337197,-0.456299801796202,0.387635665851265,0.623128858197398,-0.114905542720845,"W"
"720",0.83573876220321,-0.409342834133675,0.403757225556157,0.675294689305989,-0.0227375389036358,"W"
"721",0.057881531849054,0.216121950331131,-0.13584081273515,0.134886892460834,-0.044041369329665,"L"
"722",0.11438153990222,0.250396847910399,-0.052044844551898,0.00159038979577536,-0.440387395296516,"L"
"723",1.46200152154044,0.0602299639825741,0.807047467409608,0.0176369843045913,0.25824668992087,"W"
"724",0.750719590580724,0.675465330395124,0.293016751395137,-0.639546680243095,-0.0220875909289687,"L"
"725",0.838457445661799,0.63464394432181,0.407555658861911,-0.5821580233355,-0.130091661661238,"L"
"726",0.363899960240199,0.456814959172775,-0.163592188682858,0.031894525551384,-0.213072669454969,"L"
"727",0.844085696995893,-0.131688201626162,-0.385426357064601,0.0964928319557144,0.17571990055931,"W"
"728",-0.0390147578645745,0.743130299469216,-0.191113650062672,0.222963142433307,0.232093263432767,"L"
"729",1.09122320881133,-0.200994226530968,0.26233782322644,0.620252797827682,0.0819082487811065,"L"
"730",0.247489189294031,0.583823128106651,-0.0894557326457562,0.0653679415417855,-0.256281145447159,"L"
"731",0.374801336244636,0.0485586815104645,-0.119091348054777,-0.111726258912165,-0.158211196712991,"W"
"732",1.12958035022531,-0.645359275655619,0.253008256351858,0.437599671883811,0.132370275224769,"W"
"733",0.372622203923466,0.00779111050080379,-0.215240292328314,-0.121039510690386,-0.0202894829220134,"L"
"734",0.567260503602781,0.458226813427351,-0.284832013979916,0.0567025526968505,-0.140639086356769,"L"
"735",0.572239565755691,0.355213487166267,-0.472031474188723,0.0294637682079844,0.088055658729438,"L"
"736",0.496963248425245,0.431432433789532,-0.415061837913851,0.0966875563052731,0.152226880983368,"L"
"737",0.456133979159831,0.509559471648432,-0.3460169487745,0.0913015506162481,0.0137563800087283,"L"
"738",1.05895006698629,0.699514586216726,0.174874711688674,-0.559121744242821,0.0645454675711357,"L"
"739",1.53943594697559,0.305396272919915,0.697121141984099,0.0754270016776532,0.344899382698492,"L"
"740",0.688685139794805,0.465695245654199,-0.409421686109634,-0.194182862068053,0.0120866490057271,"L"
"741",0.869853475938141,0.273596886773666,-0.348607629640117,-0.0335798953703228,0.205235135771365,"L"
"742",0.826116857483991,0.553090065546423,-0.134191727605192,-0.266451887602361,-0.000879726844602065,"L"
"743",0.618410993558747,0.728059569448968,-0.105405059706075,-0.15845789074767,0.167857366054742,"L"
"744",0.65905399324059,-0.427605371384082,-0.434005246923237,0.0969719835102221,-0.0372608646718886,"W"
"745",0.148883026589269,0.161482801206544,-0.273866681390416,-0.0339842910888082,-0.404278256086176,"W"
"746",-0.267051258032461,0.578273821086765,-0.0188442945346249,0.262199870238539,-0.157602232623732,"L"
"747",-0.389428832568644,0.664363083088796,-0.0331813266113103,0.304228371852351,-0.0695919081869197,"L"
"748",0.664050421202613,0.728421836752389,0.51841901450257,-0.588351177026073,-0.234048227625727,"L"
"749",1.09122320881133,0.200994226530972,0.26233782322644,-0.620252797827684,0.0819082487810464,"W"
"750",1.64214507836955,0.154641307975565,0.568361087367237,0.0380703723301702,0.457950455859477,"L"
"751",0.987899523001109,0.801007278338914,0.273265396417123,-0.522067880477914,0.0116589682990201,"L"
"752",0.783931459712106,0.279152848906289,0.5496695775999,-0.675002341446202,-0.241485265512203,"W"
"753",0.555275949979672,0.247008034287167,-0.580180549162279,0.203594132962215,0.222992555891932,"L"
"754",-0.0544153636511233,0.683621922455185,-0.0490328040148204,0.206900756381181,-0.0132692966276249,"L"
"755",0.471943899015113,0.0772917712943518,-0.417872342323833,0.0112494195699597,0.0763224602923396,"W"
"756",0.197506647643358,0.438962036295388,-0.121865131048741,0.134270236863644,-0.0931620264056876,"L"
"757",1.18464728741062,0.517490937622074,0.027055119056876,-0.58681208879999,0.222252885743548,"L"
"758",0.660898298082543,1.06739920579862,0.223204630845336,-0.483534580968307,0.199358373179107,"L"
"759",1.58567183405701,-0.243214784420518,0.649378043241555,-0.0640071139545812,0.394660594463788,"W"
"760",0.896877948337195,0.456299801796205,0.387635665851264,-0.623128858197397,-0.114905542720873,"L"
"761",1.12091132585022,0.544107340354504,0.00535031064464209,-0.528980852007303,0.374047867643912,"L"
"762",-0.297700814998226,0.894129217950011,-0.14875424022542,0.398885106048028,0.0773526420163173,"L"
"763",0.933264091687352,-0.223116885106266,0.140982576201146,0.780042300364206,0.156539749462233,"L"
"764",0.663008526924107,-0.0480570390394195,-0.407760052330849,0.170773923879965,-0.0797880741785137,"L"
"765",0.663008526924107,-0.0480570390394195,-0.407760052330849,0.170773923879965,-0.0797880741785137,"W"
"766",0.213273153635801,0.373638376352831,-0.376131877394212,0.191797180575616,-0.00702550174381642,"L"
"767",1.17334897153962,-0.58238719723723,0.210014917866233,0.462651121182445,0.162420610022534,"W"
"768",1.11220978540564,-0.535430229574703,0.226136477571125,0.514816952291036,0.254588613839744,"W"
"769",0.228780444455548,0.367524236889892,-0.0169046383743405,-0.0948802332645987,-0.342512252845106,"L"
"770",0.251727558685227,0.389249423935678,0.0790558891272486,-0.0616929418890466,-0.46628821206698,"L"
"771",0.876586029308835,0.88172636576648,0.180322328653927,-0.587092753063311,0.0160008079397008,"L"
"772",0.290394646032333,0.696326346039217,-0.222164702647155,0.224246152109546,0.11914921384058,"L"
"773",0.386686626838076,0.630739359783227,-0.299824894090039,0.0340679435288052,-0.133669554978558,"L"
"774",0.238992908588731,0.759576029903319,-0.194456339353741,0.222955188308714,0.086782635442783,"L"
"775",0.720523665515157,0.816995313197347,0.437402058628252,-0.562414435401671,-0.170758366230062,"L"
"776",1.26781791941596,0.389178799739511,1.02753957214946,0.0927479807083078,0.0470478251260301,"L"
"777",0.893997613085293,0.527976966775246,0.174651411033379,-0.601076073361912,0.169644719746902,"W"
"778",0.700024058342871,0.78139013226816,0.362380815531409,-0.523823375545696,0.0504598708559305,"L"
"779",1.17334897153962,0.582387197237234,0.210014917866232,-0.462651121182449,0.162420610022541,"L"
"780",1.12958035022531,0.645359275655623,0.253008256351857,-0.437599671883814,0.132370275224783,"L"
"781",0.801505777134231,0.989696052259144,0.324436844470627,-0.486188941347739,0.0445583236445917,"L"
"782",1.58567183405701,0.243214784420523,0.649378043241554,0.0640071139545736,0.394660594463827,"L"
"783",0.89876069344967,0.864793501676728,0.228298789721661,-0.540455406812694,0.0380128752654839,"L"
"784",1.37341679375251,0.543820107715074,0.895795573861188,0.130818353038481,0.163208974022374,"L"
"785",0.777632366660176,0.454554660810097,0.389128042146076,-0.699888849784938,-0.168564718726918,"L"
"786",1.53943594697559,-0.30539627291991,0.697121141984099,-0.0754270016776601,0.344899382698443,"W"
"787",1.43383707263903,-0.150754964944348,0.828865140272371,-0.0373566293474846,0.228738233802124,"W"
"788",0.690452687719151,0.559397228756815,0.488802842626796,-0.615882408490348,-0.19119934679187,"L"
