ranking;jugador;nac;victorias;derrotas;tiebreak_vic;tiebreak_derrota;total_aces;aces_porpartido;total_doblefalta;part_porc;1servicio;1servicio_gana;2servicio_gana;servicio_juegogana;pto_quiebregana;pto_quiebresalva;ptogana_devserv1;ptogana_devserv2;juegodev_gana
1;Rafael Nadal;ESP;75;7;18;7;221;2.7;120;1.5;0.69;0.73;0.57;0.88;0.47;0.69;0.35;0.54;0.34
2;Novak Djokovic;SRB;74;9;22;10;476;6.3;118;1.6;0.66;0.75;0.6;0.88;0.42;0.65;0.35;0.55;0.33
3;David Ferrer;ESP;60;24;12;9;265;3.2;190;2.3;0.63;0.7;0.53;0.79;0.42;0.57;0.34;0.56;0.33
4;Andy Murray;GBR;43;8;16;7;353;7.2;108;2.2;0.62;0.75;0.52;0.85;0.44;0.66;0.34;0.55;0.31
5;Juan Martin  del Potro;ARG;51;16;21;12;475;7.1;143;2.1;0.65;0.75;0.54;0.86;0.41;0.66;0.28;0.53;0.24
6;Roger Federer;SUI;45;17;15;10;399;6.4;104;1.7;0.63;0.76;0.55;0.87;0.39;0.65;0.33;0.51;0.26
7;Tomas Berdych;CZE;54;25;18;19;603;8.1;169;2.3;0.59;0.78;0.52;0.86;0.41;0.67;0.3;0.54;0.25
8;Stan Wawrinka;SUI;51;23;17;16;488;6.9;182;2.6;0.6;0.74;0.55;0.85;0.38;0.66;0.31;0.5;0.23
9;Richard Gasquet;FRA;50;23;15;14;432;6.1;189;2.7;0.6;0.74;0.54;0.83;0.39;0.64;0.3;0.54;0.25
10;Jo-Wilfried Tsonga;FRA;39;16;17;13;429;8.3;108;2.1;0.63;0.76;0.53;0.88;0.42;0.69;0.3;0.47;0.21
11;Milos Raonic;CAN;45;21;20;19;883;14.7;182;3.0;0.63;0.82;0.53;0.91;0.33;0.68;0.28;0.44;0.16
12;Tommy Haas;GER;47;21;16;10;415;6.1;226;3.3;0.61;0.74;0.54;0.84;0.38;0.64;0.31;0.49;0.24
13;Nicolás Almagro;ESP;42;23;17;17;622;9.6;160;2.5;0.57;0.78;0.54;0.85;0.44;0.65;0.29;0.52;0.25
14;John Isner;USA;39;24;38;18;979;16.3;104;1.7;0.68;0.78;0.56;0.9;0.31;0.71;0.24;0.44;0.12
15;Mikhail Youzhny;RUS;39;24;11;12;279;4.4;160;2.5;0.62;0.7;0.51;0.8;0.42;0.64;0.3;0.51;0.25
16;Fabio Fognini;ITA;42;27;14;10;183;2.7;215;3.2;0.6;0.67;0.5;0.73;0.43;0.6;0.33;0.54;0.31
17;Kei Nishikori;JPN;36;19;9;7;140;2.6;150;2.8;0.63;0.69;0.52;0.78;0.43;0.57;0.31;0.55;0.3
18;Tommy Robredo;ESP;36;20;14;10;252;4.5;121;2.2;0.61;0.71;0.52;0.79;0.41;0.61;0.33;0.5;0.27
19;Gilles Simon;FRA;36;24;16;10;236;4.1;144;2.5;0.58;0.68;0.5;0.74;0.41;0.63;0.32;0.52;0.27
20;Kevin Anderson;RSA;37;23;19;16;651;10.9;182;3.0;0.65;0.76;0.54;0.86;0.35;0.66;0.28;0.47;0.18
21;Jerzy Janowicz;POL;27;20;16;11;462;10.7;227;5.3;0.61;0.76;0.5;0.84;0.36;0.67;0.29;0.44;0.18
22;Philipp Kohlschreiber;GER;32;25;19;14;359;6.5;97;1.8;0.59;0.75;0.56;0.85;0.39;0.66;0.28;0.49;0.19
23;Grigor Dimitrov;BUL;37;23;9;13;469;8.1;164;2.8;0.62;0.76;0.51;0.83;0.38;0.6;0.29;0.48;0.22
24;Ernests Gulbis;LAT;37;18;13;10;390;7.8;182;3.6;0.61;0.76;0.49;0.83;0.44;0.68;0.31;0.5;0.25
25;Andreas Seppi;ITA;30;29;9;11;287;5.2;168;3.1;0.59;0.71;0.49;0.77;0.39;0.59;0.29;0.51;0.23
26;Benoit Paire;FRA;32;30;17;12;537;8.7;234;3.8;0.52;0.74;0.47;0.76;0.41;0.59;0.32;0.49;0.24
27;Jurgen Melzer;AUT;25;27;8;12;214;4.5;134;2.8;0.66;0.68;0.5;0.77;0.36;0.6;0.29;0.48;0.21
28;Feliciano Lopez;ESP;29;20;14;10;546;11.1;174;3.6;0.59;0.75;0.53;0.84;0.36;0.64;0.28;0.45;0.17
29;Dmitry Tursunov;RUS;31;21;16;6;372;7.4;228;4.6;0.57;0.74;0.49;0.81;0.42;0.66;0.28;0.5;0.22
30;Fernando Verdasco;ESP;29;23;14;10;296;5.9;248;5.0;0.62;0.73;0.53;0.81;0.37;0.61;0.3;0.51;0.21
31;Gael Monfils;FRA;33;22;13;14;424;7.7;201;3.7;0.66;0.71;0.49;0.8;0.4;0.64;0.32;0.48;0.25
32;Vasek Pospisil;CAN;17;18;11;15;359;11.2;127;4.0;0.55;0.79;0.51;0.86;0.34;0.65;0.29;0.47;0.18
33;Ivan Dodig;CRO;33;27;13;15;520;9.3;167;3.0;0.6;0.74;0.52;0.82;0.44;0.63;0.29;0.49;0.23
34;Jeremy Chardy;FRA;22;25;12;9;389;8.3;246;5.2;0.61;0.74;0.49;0.81;0.36;0.64;0.28;0.49;0.18
35;Julien Benneteau;FRA;27;25;14;10;314;6.0;147;2.8;0.64;0.7;0.5;0.77;0.4;0.55;0.3;0.5;0.24
36;Janko Tipsarevic;SRB;20;24;7;14;261;6.2;93;2.2;0.58;0.72;0.52;0.81;0.38;0.68;0.27;0.49;0.19
37;Marin Cilic;CRO;26;12;11;5;301;8.4;87;2.4;0.56;0.76;0.56;0.84;0.42;0.66;0.3;0.52;0.24
38;Marcel Granollers;ESP;27;24;7;6;206;4.1;112;2.2;0.61;0.68;0.51;0.75;0.42;0.57;0.29;0.52;0.24
39;Jarkko Nieminen;FIN;31;27;14;13;186;3.3;125;2.2;0.66;0.68;0.51;0.77;0.42;0.58;0.27;0.53;0.24
40;Florian Mayer;GER;29;26;9;10;231;4.4;89;1.7;0.63;0.69;0.51;0.78;0.41;0.59;0.3;0.48;0.23
41;Carlos Berlocq;ARG;28;25;7;11;163;3.3;113;2.3;0.68;0.69;0.51;0.76;0.41;0.58;0.3;0.53;0.25
42;Juan Mónaco;ARG;25;23;7;12;88;2.0;82;1.9;0.7;0.65;0.53;0.74;0.43;0.54;0.32;0.55;0.31
43;Robin Haase;NED;30;26;10;14;326;6.0;152;2.8;0.62;0.72;0.49;0.8;0.42;0.64;0.28;0.49;0.2
44;Radek Stepanek;CZE;16;17;4;8;137;4.6;85;2.8;0.64;0.69;0.49;0.76;0.39;0.58;0.3;0.52;0.26
45;Denis Istomin;UZB;32;30;13;13;373;6.3;117;2.0;0.64;0.72;0.52;0.82;0.39;0.67;0.27;0.47;0.18
46;Sam Querrey;USA;27;22;18;16;576;12.8;162;3.6;0.6;0.79;0.48;0.84;0.34;0.61;0.27;0.45;0.16
47;Lukas Rosol;CZE;23;27;9;11;319;6.9;151;3.3;0.58;0.73;0.49;0.78;0.34;0.63;0.28;0.47;0.19
48;Pablo Andújar;ESP;18;31;4;10;73;1.5;167;3.4;0.6;0.65;0.48;0.7;0.36;0.62;0.29;0.51;0.22
49;Joao Sousa;POR;16;14;2;3;77;2.9;62;2.3;0.62;0.68;0.47;0.74;0.4;0.58;0.29;0.49;0.23
50;Nicolas Mahut;FRA;17;7;6;7;204;8.5;79;3.3;0.6;0.78;0.53;0.88;0.41;0.68;0.31;0.47;0.23
51;Bernard Tomic;AUS;25;22;19;14;345;8.0;58;1.3;0.68;0.72;0.51;0.84;0.34;0.67;0.23;0.48;0.15
52;Edouard Roger-Vasselin;FRA;23;26;4;15;190;3.9;123;2.5;0.64;0.7;0.5;0.79;0.37;0.6;0.28;0.48;0.21
53;Nikolay Davydenko;RUS;22;22;4;6;98;2.2;102;2.3;0.68;0.66;0.5;0.75;0.48;0.6;0.32;0.52;0.28
54;Daniel Brands;GER;24;23;10;9;390;8.5;103;2.2;0.67;0.73;0.54;0.85;0.34;0.62;0.25;0.47;0.14
55;Federico Delbonis;ARG;12;8;9;4;66;3.3;60;3.0;0.6;0.71;0.53;0.8;0.38;0.66;0.3;0.47;0.19
56;Horacio Zeballos;ARG;15;23;8;13;206;5.6;100;2.7;0.62;0.7;0.49;0.77;0.37;0.62;0.24;0.45;0.16
57;Alexandr Dolgopolov;UKR;24;27;12;10;319;6.9;124;2.7;0.52;0.75;0.5;0.77;0.38;0.56;0.28;0.49;0.21
58;Roberto Bautista Agut;ESP;26;22;16;5;106;2.2;82;1.7;0.71;0.65;0.52;0.75;0.42;0.6;0.3;0.53;0.25
59;Adrian Mannarino;FRA;10;15;2;6;141;5.6;62;2.5;0.61;0.7;0.51;0.79;0.41;0.7;0.24;0.51;0.18
60;Lleyton Hewitt;AUS;24;18;9;7;247;6.2;161;4.0;0.51;0.7;0.52;0.76;0.44;0.59;0.29;0.52;0.26
61;Marinko Matosevic;AUS;18;25;10;8;158;3.9;109;2.7;0.59;0.69;0.48;0.72;0.4;0.55;0.29;0.52;0.25
62;Guillermo Garcia-Lopez;ESP;20;22;7;7;139;3.4;189;4.6;0.55;0.7;0.48;0.73;0.4;0.59;0.29;0.53;0.25
63;Albert Montanes;ESP;18;19;5;3;144;3.9;125;3.4;0.61;0.68;0.5;0.75;0.36;0.63;0.3;0.48;0.21
64;Pablo Carreño Busta;ESP;7;7;3;1;39;2.8;22;1.6;0.58;0.65;0.48;0.68;0.42;0.47;0.31;0.5;0.25
65;Yen-Hsun Lu;TPE;17;17;6;8;131;3.9;108;3.2;0.63;0.7;0.52;0.79;0.39;0.58;0.3;0.52;0.25
66;Michal Przysiezny;POL;10;13;5;7;178;8.5;67;3.2;0.6;0.75;0.5;0.81;0.39;0.62;0.24;0.44;0.15
67;Mikhail Kukushkin;KAZ;6;6;3;1;55;5.0;26;2.4;0.55;0.69;0.47;0.71;0.58;0.57;0.3;0.53;0.29
68;Matthew Ebden;AUS;6;11;2;3;84;5.6;85;5.7;0.59;0.72;0.44;0.7;0.32;0.53;0.28;0.44;0.19
69;Santiago Giraldo;COL;16;25;3;6;159;4.2;69;1.8;0.64;0.69;0.51;0.77;0.35;0.57;0.27;0.47;0.19
70;Igor Sijsling;NED;20;25;10;11;384;8.9;87;2.0;0.58;0.75;0.5;0.8;0.39;0.57;0.26;0.48;0.18
71;Filippo Volandri;ITA;5;11;2;3;8;0.5;28;1.8;0.71;0.61;0.5;0.68;0.45;0.56;0.32;0.49;0.28
72;Lukasz Kubot;POL;10;20;6;5;170;6.5;117;4.5;0.62;0.68;0.46;0.71;0.4;0.53;0.29;0.51;0.23
73;Dudi Sela;ISR;4;10;2;2;16;1.5;39;3.5;0.61;0.63;0.46;0.63;0.34;0.51;0.31;0.5;0.26
74;Tobias Kamke;GER;17;22;6;5;85;2.2;98;2.6;0.61;0.66;0.49;0.74;0.43;0.6;0.3;0.52;0.26
75;Viktor Troicki;SRB;19;19;7;7;240;6.7;76;2.1;0.6;0.71;0.47;0.75;0.39;0.55;0.33;0.47;0.24
76;Teymuraz Gabashvili;RUS;2;2;0;2;21;5.3;10;2.5;0.61;0.65;0.56;0.81;0.24;0.67;0.31;0.45;0.18
77;Daniel Gimeno-Traver;ESP;14;27;7;11;229;5.6;150;3.7;0.58;0.71;0.48;0.75;0.38;0.59;0.29;0.48;0.2
78;Ivo Karlovic;CRO;15;13;18;11;485;17.3;96;3.4;0.65;0.82;0.54;0.91;0.28;0.65;0.21;0.4;0.07
79;Benjamin Becker;GER;9;20;7;11;211;7.3;89;3.1;0.57;0.74;0.48;0.77;0.38;0.55;0.24;0.47;0.16
80;Victor Hanescu;ROU;18;26;11;15;155;3.6;47;1.1;0.7;0.68;0.5;0.79;0.32;0.59;0.27;0.45;0.17
81;Lukas Lacko;SVK;14;17;6;2;154;5.7;76;2.8;0.58;0.7;0.47;0.73;0.37;0.57;0.27;0.49;0.19
82;Andrey Golubev;KAZ;5;5;2;3;21;3.0;12;1.7;0.64;0.74;0.54;0.84;0.31;0.65;0.25;0.51;0.17
83;Albert Ramos-Vinolas;ESP;20;23;8;9;141;3.4;97;2.4;0.61;0.7;0.51;0.76;0.4;0.54;0.3;0.49;0.23
84;Kenny De Schepper;FRA;8;15;5;5;203;8.8;112;4.9;0.64;0.72;0.51;0.83;0.34;0.7;0.24;0.42;0.11
85;Jiri Vesely;CZE;0;7;2;1;29;5.8;28;5.6;0.61;0.68;0.41;0.68;0.5;0.57;0.22;0.49;0.16
86;Julian Reister;GER;3;6;2;4;44;4.9;31;3.4;0.7;0.65;0.49;0.72;0.29;0.65;0.31;0.46;0.17
87;Marcos Baghdatis;CYP;15;22;6;14;275;7.6;155;4.3;0.53;0.75;0.52;0.82;0.35;0.64;0.25;0.49;0.18
88;Alex Bogomolov Jr.;RUS;6;9;2;4;39;2.8;49;3.5;0.69;0.64;0.52;0.73;0.44;0.58;0.28;0.52;0.21
89;Tim Smyczek;USA;8;11;3;6;112;5.9;46;2.4;0.63;0.69;0.51;0.77;0.38;0.62;0.29;0.51;0.23
90;Somdev Devvarman;IND;13;12;5;5;106;4.6;45;2.0;0.59;0.67;0.51;0.75;0.39;0.66;0.27;0.51;0.22
91;Alejandro Gonzalez;COL;0;1;0;0;7;7.0;6;6.0;0.55;0.72;0.41;0.69;0.31;0.6;0.42;0.57;0.38
92;Michael Russell;USA;7;15;4;2;57;2.6;57;2.6;0.64;0.65;0.47;0.69;0.38;0.54;0.26;0.51;0.2
93;Aleksandr Nedovyesov;KAZ;0;1;0;0;6;6.0;1;1.0;0.56;0.75;0.32;0.7;0.0;0.57;0.18;0.4;0.0
94;Leonardo Mayer;ARG;13;18;9;6;135;4.7;108;3.7;0.62;0.69;0.49;0.75;0.41;0.58;0.28;0.46;0.19
95;Aljaz Bedene;SLO;11;18;5;4;228;7.9;106;3.7;0.57;0.72;0.49;0.75;0.42;0.56;0.28;0.49;0.2
96;Donald Young;USA;2;3;0;0;13;2.6;22;4.4;0.63;0.62;0.44;0.67;0.4;0.64;0.35;0.61;0.35
97;Bradley Klahn;USA;1;3;2;3;32;8.0;9;2.3;0.69;0.75;0.53;0.81;0.32;0.43;0.25;0.45;0.14
98;Sergiy Stakhovsky;UKR;11;17;6;5;159;6.4;67;2.7;0.63;0.71;0.5;0.77;0.36;0.55;0.29;0.45;0.18
99;Alejandro Falla;COL;15;22;6;9;128;3.9;89;2.7;0.57;0.67;0.5;0.73;0.44;0.55;0.29;0.51;0.24
100;Ryan Harrison;USA;11;21;7;8;223;7.0;109;3.4;0.6;0.71;0.49;0.77;0.37;0.65;0.24;0.46;0.14
101;Jesse Huta Galung;NED;1;4;0;0;23;5.8;18;4.5;0.53;0.69;0.42;0.62;0.36;0.29;0.22;0.52;0.13
102;Jack Sock;USA;10;13;4;5;160;7.0;120;5.2;0.54;0.75;0.51;0.8;0.46;0.64;0.25;0.48;0.18
103;Go Soeda;JPN;9;17;4;8;79;3.8;61;2.9;0.57;0.7;0.48;0.71;0.38;0.49;0.25;0.46;0.17
104;Blaz Kavcic;SLO;11;15;2;8;107;4.5;60;2.5;0.63;0.68;0.5;0.75;0.41;0.58;0.31;0.5;0.24
105;Michael Llodra;FRA;13;13;8;3;189;7.6;83;3.3;0.61;0.74;0.53;0.82;0.35;0.58;0.29;0.44;0.17
106;Jan Hajek;CZE;9;15;1;3;76;3.3;30;1.3;0.66;0.63;0.49;0.69;0.39;0.6;0.3;0.49;0.21
107;Jan-Lennard Struff;GER;4;9;1;7;85;6.5;53;4.1;0.59;0.71;0.49;0.76;0.38;0.56;0.25;0.53;0.21
108;Martin Klizan;SVK;12;24;7;8;216;6.0;140;3.9;0.55;0.68;0.49;0.73;0.37;0.66;0.28;0.5;0.2
109;Paolo Lorenzi;ITA;13;25;5;5;109;2.9;86;2.3;0.57;0.68;0.48;0.72;0.35;0.57;0.31;0.48;0.2
110;David Goffin;BEL;11;23;4;9;98;3.1;164;5.1;0.62;0.65;0.49;0.68;0.43;0.55;0.32;0.48;0.23
111;Dustin Brown;GER;2;3;0;2;61;12.2;14;2.8;0.63;0.74;0.49;0.85;0.46;0.73;0.25;0.43;0.15
112;Andreas Haider-Maurer;AUT;3;7;1;4;61;6.8;47;5.2;0.57;0.73;0.43;0.73;0.39;0.57;0.24;0.46;0.15
113;Evgeny Donskoy;RUS;13;20;6;11;181;5.8;79;2.5;0.58;0.73;0.49;0.8;0.33;0.63;0.26;0.47;0.15
114;Denis Kudla;USA;5;11;0;5;58;3.6;47;2.9;0.6;0.7;0.51;0.78;0.38;0.63;0.23;0.51;0.2
115;Stephane Robert;FRA;2;2;1;0;20;5.0;15;3.8;0.61;0.72;0.51;0.78;0.33;0.5;0.28;0.55;0.22
116;Dusan Lajovic;SRB;0;6;0;1;11;2.8;14;3.5;0.56;0.72;0.38;0.67;0.47;0.62;0.26;0.46;0.15
117;Diego Schwartzman;ARG;1;5;0;1;6;1.0;25;4.2;0.7;0.56;0.48;0.58;0.47;0.51;0.27;0.57;0.27
118;Guido Pella;ARG;7;13;5;5;76;3.8;57;2.9;0.58;0.67;0.48;0.7;0.34;0.51;0.25;0.48;0.17
119;Adrian Ungur;ROU;2;9;2;0;15;2.1;32;4.6;0.59;0.63;0.4;0.6;0.29;0.48;0.17;0.42;0.05
120;Marc Gicquel;FRA;0;5;0;2;16;3.2;19;3.8;0.53;0.61;0.45;0.58;0.35;0.57;0.16;0.46;0.11
121;Grega Zemlja;SLO;13;21;10;10;235;7.3;114;3.6;0.57;0.72;0.46;0.75;0.36;0.62;0.28;0.47;0.19
122;Frank Dancevic;CAN;3;4;3;1;48;9.6;14;2.8;0.63;0.7;0.51;0.75;0.36;0.62;0.26;0.5;0.2
123;Facundo Bagnis;ARG;0;0;0;0;0;0.0;0;0.0;0.0;0.0;0.0;0.0;0.0;0.0;0.0;0.0;0.0
124;Facundo Arguello;ARG;0;3;0;0;3;1.0;12;4.0;0.59;0.61;0.51;0.62;0.36;0.55;0.35;0.5;0.25
125;Thomaz Bellucci;BRA;8;18;6;6;135;6.1;76;3.5;0.54;0.69;0.51;0.73;0.32;0.58;0.27;0.5;0.18
126;Pere Riba;ESP;0;2;0;0;5;2.5;2;1.0;0.59;0.73;0.34;0.64;0.2;0.47;0.22;0.4;0.04
127;Rajeev Ram;USA;4;11;2;1;111;7.4;39;2.6;0.63;0.7;0.46;0.76;0.37;0.61;0.26;0.46;0.18
128;Andrej Martin;SVK;1;4;1;2;4;4.0;3;3.0;0.49;0.65;0.36;0.47;0.58;0.18;0.38;0.5;0.41
129;Paul-Henri Mathieu;FRA;6;19;2;7;126;5.0;104;4.2;0.55;0.71;0.48;0.75;0.37;0.54;0.24;0.47;0.15
130;Rhyne Williams;USA;5;11;4;3;143;8.9;59;3.7;0.58;0.72;0.49;0.75;0.33;0.58;0.22;0.51;0.14
131;Ricardas Berankis;LTU;13;16;7;6;164;6.1;121;4.5;0.55;0.73;0.52;0.81;0.31;0.66;0.27;0.49;0.18
132;Rogerio Dutra Silva;BRA;1;8;3;1;13;1.9;20;2.9;0.61;0.63;0.47;0.6;0.35;0.44;0.24;0.41;0.11
133;Martín Alund;ARG;6;8;5;1;45;3.2;30;2.1;0.62;0.65;0.51;0.71;0.35;0.62;0.32;0.45;0.18
134;Andrey Kuznetsov;RUS;9;19;5;6;133;4.9;80;3.0;0.59;0.68;0.49;0.73;0.33;0.6;0.3;0.46;0.19
135;Xavier Malisse;BEL;13;19;5;7;226;7.1;83;2.6;0.55;0.71;0.5;0.74;0.39;0.57;0.27;0.52;0.2
136;James Duckworth;AUS;3;7;3;1;135;13.5;38;3.8;0.58;0.74;0.48;0.79;0.31;0.62;0.26;0.45;0.15
137;Guillaume Rufin;FRA;8;13;6;6;130;6.2;96;4.6;0.56;0.71;0.49;0.75;0.34;0.61;0.28;0.52;0.21
138;Wayne Odesnik;USA;2;3;0;1;14;2.8;8;1.6;0.68;0.61;0.53;0.67;0.46;0.6;0.32;0.5;0.27
139;Dominic Thiem;AUT;4;2;0;1;35;5.8;15;2.5;0.53;0.77;0.59;0.9;0.37;0.72;0.29;0.51;0.24
140;Joao Souza;BRA;1;4;1;2;28;5.6;8;1.6;0.63;0.77;0.51;0.82;0.0;0.64;0.2;0.37;0.0
141;Peter Polansky;CAN;0;1;0;0;0;0.0;6;6.0;0.51;0.62;0.4;0.5;0.5;0.42;0.36;0.53;0.36
142;Alex Kuznetsov;USA;2;4;0;3;38;6.3;10;1.7;0.59;0.76;0.47;0.79;0.21;0.42;0.26;0.46;0.12
143;Michael Berrer;GER;2;3;0;2;20;4.0;18;3.6;0.65;0.7;0.42;0.77;0.36;0.66;0.36;0.49;0.31
144;Victor Estrella Burgos;DOM;2;1;0;0;4;2.0;9;4.5;0.53;0.71;0.38;0.61;0.38;0.61;0.33;0.53;0.28
145;Guido Andreozzi;ARG;0;0;0;0;0;0.0;0;0.0;0.0;0.0;0.0;0.0;0.0;0.0;0.0;0.0;0.0
146;Thiemo de Bakker;NED;10;10;7;2;106;6.2;34;2.0;0.61;0.7;0.47;0.75;0.42;0.64;0.26;0.48;0.18
147;Marius Copil;ROU;3;6;1;3;54;9.0;20;3.3;0.56;0.72;0.49;0.78;0.24;0.59;0.22;0.41;0.07
148;Ruben Bemelmans;BEL;4;6;3;3;64;8.0;26;3.3;0.64;0.72;0.52;0.83;0.43;0.69;0.28;0.51;0.19
149;Jesse Levine;CAN;6;14;3;8;106;5.3;105;5.3;0.58;0.67;0.5;0.73;0.4;0.64;0.27;0.47;0.18
150;Daniel Evans;GBR;6;4;3;2;43;7.2;28;4.7;0.6;0.7;0.49;0.75;0.48;0.59;0.31;0.55;0.29
151;Pierre-Hugues Herbert;FRA;1;2;0;1;20;6.7;10;3.3;0.6;0.7;0.49;0.75;0.41;0.63;0.26;0.47;0.24
152;Potito Starace;ITA;1;1;0;0;7;3.5;1;0.5;0.77;0.6;0.53;0.73;0.3;0.73;0.25;0.52;0.14
153;James Blake;USA;9;14;3;8;138;6.0;63;2.7;0.54;0.75;0.48;0.79;0.41;0.63;0.26;0.53;0.22
154;Paul Capdeville;CHI;2;3;1;3;15;7.5;4;2.0;0.66;0.71;0.54;0.8;0.78;0.44;0.26;0.54;0.27
155;Tatsuma Ito;JPN;5;9;2;1;41;3.7;40;3.6;0.56;0.66;0.47;0.68;0.34;0.52;0.26;0.48;0.15
156;Steve Johnson;USA;4;10;5;7;130;9.3;59;4.2;0.56;0.73;0.5;0.83;0.38;0.69;0.24;0.39;0.12
157;Máximo González;ARG;1;1;0;1;12;6.0;8;4.0;0.66;0.73;0.45;0.85;0.33;0.69;0.31;0.53;0.24
158;Guilherme Clezar;BRA;0;1;0;2;6;6.0;3;3.0;0.6;0.68;0.51;0.83;0.67;0.79;0.19;0.53;0.22
159;Matthias Bachinger;GER;2;6;2;2;48;6.0;29;3.6;0.57;0.68;0.46;0.72;0.43;0.64;0.25;0.46;0.15
160;Matteo Viola;ITA;4;7;0;1;23;2.1;61;5.5;0.61;0.62;0.42;0.6;0.47;0.56;0.3;0.55;0.32
161;James Ward;GBR;1;4;2;4;33;11.0;8;2.7;0.64;0.72;0.53;0.84;0.17;0.69;0.26;0.46;0.1
162;Peter Gojowczyk;GER;1;1;1;0;23;11.5;14;7.0;0.54;0.77;0.5;0.78;0.48;0.65;0.27;0.54;0.23
163;Marco Cecchinato;ITA;0;1;0;0;2;2.0;1;1.0;0.72;0.55;0.5;0.55;0.6;0.55;0.24;0.68;0.27
164;Steve Darcis;BEL;5;6;3;3;32;4.0;21;2.6;0.63;0.67;0.54;0.77;0.3;0.6;0.23;0.51;0.13
165;Illya Marchenko;UKR;1;4;1;0;13;3.3;25;6.3;0.58;0.66;0.44;0.68;0.33;0.56;0.29;0.43;0.13
166;Ruben Ramirez Hidalgo;ESP;2;6;1;2;34;4.3;33;4.1;0.54;0.71;0.46;0.73;0.4;0.62;0.28;0.46;0.2
167;Cedrik-Marcel Stebe;GER;2;3;0;0;15;3.0;5;1.0;0.65;0.66;0.51;0.78;0.35;0.66;0.28;0.43;0.13
168;Malek Jaziri;TUN;2;1;0;0;2;2.0;2;2.0;0.48;0.62;0.48;0.62;0.5;0.55;0.17;0.33;0.08
169;Radu Albot;MDA;5;1;1;1;0;0.0;0;0.0;0.0;0.0;0.0;0.0;0.0;0.0;0.0;0.0;0.0
170;Yuichi Sugita;JPN;2;3;0;0;11;2.8;15;3.8;0.6;0.58;0.38;0.5;0.42;0.54;0.3;0.55;0.27
171;Rik De Voest;RSA;1;3;0;1;3;3.0;1;1.0;0.69;0.57;0.48;0.6;0.33;0.64;0.28;0.42;0.1
172;Sam Groth;AUS;1;3;2;0;62;15.5;20;5.0;0.64;0.72;0.55;0.8;0.29;0.58;0.28;0.42;0.12
173;Marco Chiudinelli;SUI;1;5;1;3;17;4.3;17;4.3;0.62;0.7;0.45;0.78;0.37;0.71;0.26;0.49;0.14
174;Jimmy Wang;TPE;1;3;1;0;20;5.0;12;3.0;0.66;0.64;0.46;0.64;0.32;0.48;0.31;0.4;0.2
175;Gastao Elias;POR;3;4;0;1;6;1.2;15;3.0;0.5;0.61;0.51;0.64;0.5;0.61;0.34;0.41;0.24
176;Mischa Zverev;GER;4;5;3;3;33;3.7;25;2.8;0.68;0.67;0.42;0.71;0.37;0.54;0.3;0.5;0.22
177;David Guez;FRA;0;0;0;0;0;0.0;0;0.0;0.0;0.0;0.0;0.0;0.0;0.0;0.0;0.0;0.0
178;Konstantin Kravchuk;RUS;2;1;1;0;15;7.5;7;3.5;0.68;0.75;0.4;0.72;0.33;0.44;0.22;0.32;0.11
179;Bobby Reynolds;USA;2;4;1;2;50;8.3;25;4.2;0.6;0.68;0.49;0.75;0.36;0.63;0.2;0.45;0.14
180;Thomas Fabbiano;ITA;0;1;0;1;0;0.0;7;7.0;0.66;0.64;0.46;0.79;0.2;0.75;0.15;0.44;0.06
181;Marton Fucsovics;HUN;2;3;1;0;11;5.5;9;4.5;0.58;0.69;0.52;0.74;0.4;0.5;0.32;0.52;0.27
182;Nick Kyrgios;AUS;2;2;3;0;21;7.0;14;4.7;0.62;0.72;0.45;0.76;0.22;0.54;0.15;0.37;0.04
183;Tennys Sandgren;USA;0;0;0;0;0;0.0;0;0.0;0.0;0.0;0.0;0.0;0.0;0.0;0.0;0.0;0.0
184;Blaz Rola;SLO;1;1;0;0;0;0.0;0;0.0;0.0;0.0;0.0;0.0;0.0;0.0;0.0;0.0;0.0
185;Marsel Ilhan;TUR;0;0;0;0;0;0.0;0;0.0;0.0;0.0;0.0;0.0;0.0;0.0;0.0;0.0;0.0
186;Andreas Beck;GER;0;2;0;0;8;4.0;11;5.5;0.53;0.63;0.49;0.68;0.19;0.64;0.31;0.44;0.11
187;Damir Dzumhur;BIH;2;1;1;0;0;0.0;0;0.0;0.0;0.0;0.0;0.0;0.0;0.0;0.0;0.0;0.0
188;Flavio Cipolla;ITA;2;9;0;4;11;1.0;41;3.7;0.69;0.56;0.43;0.55;0.47;0.52;0.3;0.45;0.21
189;Amir Weintraub;ISR;2;5;2;3;20;6.7;10;3.3;0.71;0.72;0.45;0.8;0.38;0.62;0.23;0.44;0.13
190;John Millman;AUS;2;4;0;0;37;6.2;25;4.2;0.63;0.67;0.47;0.72;0.39;0.64;0.31;0.5;0.25
191;Renzo Olivo;ARG;0;0;0;0;0;0.0;0;0.0;0.0;0.0;0.0;0.0;0.0;0.0;0.0;0.0;0.0
192;Martin Fischer;AUT;0;3;0;0;6;2.0;6;2.0;0.58;0.55;0.47;0.52;0.33;0.41;0.36;0.51;0.28
193;Maxime Teixeira;FRA;0;1;0;1;6;6.0;8;8.0;0.62;0.64;0.37;0.62;0.55;0.62;0.35;0.56;0.29
194;Daniel Munoz-De La Nava;ESP;2;5;3;0;20;2.9;28;4.0;0.54;0.7;0.5;0.72;0.26;0.61;0.25;0.46;0.12
195;Yuki Bhambri;IND;2;1;0;0;8;8.0;3;3.0;0.67;0.69;0.47;0.8;0.0;0.71;0.22;0.44;0.0
196;Kristijan Mesaros;CRO;0;0;0;0;0;0.0;0;0.0;0.0;0.0;0.0;0.0;0.0;0.0;0.0;0.0;0.0
197;Norbert Gombos;SVK;0;0;0;0;0;0.0;0;0.0;0.0;0.0;0.0;0.0;0.0;0.0;0.0;0.0;0.0
198;Mohamed Safwat;EGY;1;1;0;0;8;4.0;2;1.0;0.67;0.79;0.46;0.79;0.62;0.56;0.35;0.56;0.4
199;Niels Desein;BEL;0;1;0;0;2;2.0;1;1.0;0.67;0.54;0.58;0.64;0.22;0.38;0.3;0.43;0.15
200;Pedro Sousa;POR;2;1;0;1;1;1.0;4;4.0;0.69;0.42;0.5;0.44;0.64;0.4;0.47;0.63;0.56
