"","PC1","PC2","PC3","class"
"1",-0.33715596159218,-0.514994641885513,0.57044977158188,"W"
"2",-0.604803220720161,-0.225469281432296,0.349172106322124,"W"
"3",-0.717086997248814,-0.132980932952115,0.213850583699044,"W"
"4",-0.540856083047053,-0.23747544194515,0.286132526209852,"W"
"5",-0.888262880203264,0.0708586750502655,0.0372193085923903,"L"
"6",-0.535005748053624,-0.292869375614414,0.327351510216646,"W"
"7",-0.694826705568431,-0.144318918223843,0.287742792749398,"W"
"8",-0.794732196969139,-0.0526859580640418,0.218992318034751,"W"
"9",-0.888262880203264,0.0708586750502655,0.0372193085923903,"W"
"10",-0.487653912201011,-0.342939765130816,0.477707755271331,"W"
"11",-0.669071473886383,-0.257303002031594,0.162177460841853,"W"
"12",-0.542271911244571,-0.39905002954027,0.39844499457969,"W"
"13",-0.867313485095201,-0.123544633114308,0.181773009442486,"W"
"14",-0.888262880203264,-0.0708586750502675,-0.0372193085921266,"W"
"15",-0.668630702880076,-0.351265758683187,0.464282933131938,"W"
"16",-0.647445255017867,-0.356161887699499,0.36763312447669,"W"
"17",-0.675460206979261,-0.288624248174782,0.249075255796527,"W"
"18",-0.888262880203264,-0.0708586750502675,-0.0372193085921266,"L"
"19",-0.734384201611353,-0.229225399819296,0.109767630210957,"W"
"20",-0.536190039274674,-0.456032706384477,0.399242827438418,"W"
"21",-0.486955354386661,-0.453354436028066,0.175315378575583,"W"
"22",-0.546390218535631,-0.441112795488519,0.516800005802502,"W"
"23",-0.45776297022919,-0.531705569744777,0.50435798114263,"W"
"24",-0.892888513836003,-0.0898341279189854,0.263056769999246,"L"
"25",-0.303126133144235,-0.655286652364807,0.381993319632814,"W"
"26",-0.698506482054617,-0.306108236276819,0.387237580768221,"W"
"27",-0.867313485095201,-0.123544633114308,0.181773009442486,"L"
"28",-0.496955013009115,-0.477544753417584,0.430249754336784,"W"
"29",-0.409737249718242,-0.58585331693578,0.533230462989615,"W"
"30",-0.548146305107728,-0.438083550343086,0.351210056179533,"W"
"31",-0.717521322344531,-0.285288708098298,0.398459513069456,"W"
"32",-0.311038825204066,-0.441795611734823,0.330213862428914,"W"
"33",-0.604975798820491,-0.18256360316251,0.205464571325803,"W"
"34",-0.454615621873602,-0.314538917228777,0.169437046737115,"W"
"35",-0.575540790652257,-0.133758368917286,-0.0195955486005653,"L"
"36",-0.477299239311784,-0.26391708716878,0.124133893546069,"L"
"37",-0.375113322719952,-0.416714195119818,0.500894733871079,"W"
"38",-0.411356232544696,-0.314062473634664,0.0140725701756908,"W"
"39",-0.604975798820491,-0.18256360316251,0.205464571325803,"W"
"40",-0.580456860730892,-0.193068486277718,0.265191179600685,"W"
"41",-0.8673134850952,0.123544633114307,-0.181773009442292,"L"
"42",-0.311038825204066,-0.441795611734823,0.330213862428914,"W"
"43",-0.519906687938988,-0.184789483881108,0.0671402081751692,"W"
"44",-0.794732196969138,0.0526859580640408,-0.218992318034545,"L"
"45",-0.452859535301505,-0.31756816237421,0.335026996360083,"W"
"46",-0.673924121411006,-0.106205597002289,0.182659050024772,"W"
"47",-0.519906687938988,-0.184789483881108,0.0671402081751692,"W"
"48",-0.209595449910109,-0.531742019250499,0.200220310190396,"L"
"49",-0.583853825612097,-0.172783323368254,0.130179788287442,"W"
"50",-0.581929523745135,-0.165079615060474,0.0673022463541094,"W"
"51",-0.8673134850952,0.123544633114307,-0.181773009442292,"W"
"52",-0.583853825612097,-0.172783323368254,0.130179788287442,"W"
"53",-0.415977733526884,-0.324410731551896,0.290091068808144,"W"
"54",-0.586012834012766,-0.167348939396482,0.101753735825916,"W"
"55",-0.623990639110405,-0.161744074983989,0.216686503627038,"L"
"56",-0.451076829241556,-0.299110866245853,0.201159202998713,"W"
"57",-0.452859535301505,-0.31756816237421,0.335026996360083,"W"
"58",-0.799357830601877,0.033710505195323,0.0812837605568278,"W"
"59",-0.509085617011867,-0.240664244189405,0.0508703253495738,"W"
"60",-0.214498644318221,-0.173018966820971,0.110958350959009,"L"
"61",-0.138481285130671,-0.322580307194712,0.592733759051917,"W"
"62",-0.214498644318221,-0.173018966820971,0.110958350959009,"W"
"63",-0.425530065847615,0.00162700907315114,0.0875414108552828,"W"
"64",-0.675460206979261,0.288624248174781,-0.24907525579637,"L"
"65",-0.115550979169585,-0.292160810574354,0.357497562037783,"W"
"66",-0.338758504729768,-0.00770512960282325,-0.159605341700711,"W"
"67",-0.347466310796443,-0.0459508298760752,0.180119038107625,"W"
"68",-0.261006257185566,-0.152488547313737,0.267724750006006,"W"
"69",-0.581929523745136,0.165079615060474,-0.06730224635401,"L"
"70",-0.461674389192056,-0.130735470048475,0.252563018797411,"W"
"71",-0.252689363526285,-0.407364947367112,0.665177739741702,"W"
"72",-0.390137061850544,-0.209963561960686,0.130261040932476,"W"
"73",0.327407352136672,-0.964569200225798,0.0120437935874986,"W"
"74",-0.717086997248813,0.132980932952114,-0.213850583698837,"L"
"75",-0.54634543939008,-0.0814491000959159,0.221828237962745,"W"
"76",-0.502811661010567,-0.112773511389645,0.270332913936393,"W"
"77",-0.252689363526285,-0.407364947367112,0.665177739741702,"W"
"78",-0.373431629521231,-0.21881589135778,0.206300937334421,"L"
"79",-0.596232110740041,-0.0113379852717277,0.0738922090504226,"W"
"80",-0.431440417291542,-0.160369269301331,0.0560120596852815,"W"
"81",-0.138309538890643,-0.202653946097306,0.32345642884846,"W"
"82",-0.260180239023474,-0.0553939336692654,0.041218984006814,"W"
"83",-0.540856083047053,0.237475441945148,-0.286132526209694,"L"
"84",-0.279748358752108,-0.030753222458056,0.00655465999199992,"W"
"85",-0.139005797336184,-0.150451035020544,0.1517241118574,"W"
"86",-0.162101619604799,-0.139621247670789,0.222950860632994,"W"
"87",-0.0975859148175454,-0.235040249219354,0.260253507023957,"W"
"88",-0.51990668793899,0.184789483881107,-0.0671402081750816,"L"
"89",0.503638266338432,-0.860074691232764,-0.0602381489233585,"W"
"90",-0.37011452518832,0.0230454088971175,0.149546295451888,"W"
"91",-0.51990668793899,0.184789483881107,-0.0671402081750816,"L"
"92",-0.149548215852904,-0.169210636422169,0.181336536719217,"W"
"93",0.0442806640119762,-0.346952535369392,0.133080102015247,"W"
"94",-0.37011452518832,0.0230454088971175,0.149546295451888,"L"
"95",-0.190252921478245,-0.139258511218453,-0.033332458864216,"W"
"96",-0.326148180615638,0.00371116414827386,-0.0343879192968794,"L"
"97",0.0156062308066758,-0.31337815740463,-0.199637362962652,"L"
"98",-0.202806325230141,-0.109669122467073,0.00828186504956105,"W"
"99",-0.340743163486997,-0.0178756455003682,-0.0959490887243102,"W"
"100",0.526091872755463,-0.836954896781586,-0.388331322267112,"L"
"101",-0.15106087869832,-0.193419327545647,0.0407757679416296,"L"
"102",-0.205654703304228,0.162460863517275,0.108211366692798,"L"
"103",-0.0863463863844074,0.0395559958469828,0.26517306810353,"W"
"104",-0.128727486303328,0.0891455587243518,0.057327956216456,"W"
"105",-0.158961458203843,0.118779357977208,0.253878915328585,"W"
"106",-0.00819321769656989,-0.0186220466619505,0.0907585121616913,"W"
"107",-0.126497269235607,0.0426023880471151,0.35659834762456,"W"
"108",-0.0125237805497306,-0.00543071598789369,0.225321950899432,"L"
"109",-0.056484029214656,0.036802319717818,0.247848397080185,"W"
"110",-0.0118275221041894,-0.0576336270646565,0.397054267890492,"W"
"111",-0.0707186985330177,0.0306989366679037,0.207616833865596,"W"
"112",-0.486955354386661,0.453354436028064,-0.17531537857541,"L"
"113",-0.0118275221041894,-0.0576336270646565,0.397054267890492,"W"
"114",0.272814531801252,-0.366818713876992,0.626852760421273,"W"
"115",-0.128727486303328,0.0891455587243518,0.057327956216456,"L"
"116",-0.213025981303977,-0.145030095603726,-0.0869305822876283,"W"
"117",-0.580456860730892,0.193068486277719,-0.265191179600647,"L"
"118",0.0857823422228964,-0.50356003051303,0.355203949953676,"W"
"119",-0.502811661010567,0.112773511389646,-0.270332913936353,"L"
"120",-0.320730411815376,-0.0471149312726534,-0.156831987418751,"W"
"121",-0.337285841715524,0.0202837416144221,-0.357494274947348,"L"
"122",-0.115918893363626,-0.0245606791782722,0.093636230146743,"W"
"123",-0.06648368783711,-0.060992637107338,0.00708597868102598,"W"
"124",-0.202378946974502,0.0819770382593893,0.00603051824836257,"L"
"125",0.695380133545738,-0.828490563270331,-0.187165096464889,"W"
"126",-0.336983479473127,0.186801886193648,-0.0587317161885686,"L"
"127",-0.303912876439348,0.18732671649095,-0.313396145444802,"W"
"128",-0.336936668522487,0.201374523036137,-0.172640291498626,"L"
"129",-0.0564840292146557,-0.0368023197178197,-0.247848397080176,"L"
"130",-0.142175505398566,-0.00623796056600324,0.0147487838651072,"W"
"131",-0.22035529620461,0.132083932688072,-0.382615218479161,"W"
"132",-0.198038221641506,0.0769750669505891,-0.156825841586411,"W"
"133",-0.114136187303677,-0.00610338304991506,-0.0402315632146272,"L"
"134",-0.111800586072565,0.0175020867699764,-0.0247187810760687,"W"
"135",-0.117674979935723,-0.0215314340328395,-0.0719537194762254,"L"
"136",0.634871521912112,-0.733628939171925,-0.406913070623348,"W"
"137",-0.165228069323314,0.0505055068247923,-0.065505487769765,"W"
"138",-0.172144975073988,0.0523432390065331,-0.190520440863767,"L"
"139",-0.238600148714378,0.159249114278652,-0.260986314813906,"L"
"140",-0.296148569897016,-0.0382457002732536,0.339724379808411,"W"
"141",0.556091483474085,-0.878911761203114,-0.0142190231618216,"W"
"142",-0.265914597996501,-0.0678794995261098,0.143173420696282,"W"
"143",-0.22353349807758,-0.117469062403479,0.351018532583356,"W"
"144",0.601610510623225,-0.948713301802973,0.14652876509516,"W"
"145",-0.265371353660087,-0.053346148252171,0.224490254299734,"W"
"146",-0.338758504729769,0.00770512960282131,0.159605341700817,"L"
"147",-0.337285841715526,-0.0202837416144232,0.357494274947393,"W"
"148",-0.211180144753997,-0.335590014732533,0.147554812404147,"W"
"149",-0.336983479473126,-0.186801886193649,0.0587317161885352,"W"
"150",0.378093145801944,-0.891565369171177,-0.41382496885768,"W"
"151",-0.316119053076816,-0.218205134549605,0.107432018783376,"L"
"152",-0.3679235811208,-0.184052939846469,-0.0575397434279988,"L"
"153",-0.10973676946004,-0.425536422248208,0.017561260165629,"W"
"154",-0.379257466886376,-0.193039846759651,0.0734805000536806,"W"
"155",-0.673924121411006,0.10620559700229,-0.182659050024699,"L"
"156",-0.326649531710723,-0.222477470079474,0.227745756595931,"L"
"157",-0.266122189405183,0.0156797697786801,0.464316244591558,"W"
"158",-0.186379644392349,-0.0584466220564485,0.150288877649176,"W"
"159",-0.128727486303328,-0.0891455587243531,-0.0573279562163727,"L"
"160",-0.321315649163559,0.0733153047929226,0.0508834104763786,"W"
"161",-0.2659145979965,0.0678794995261078,-0.143173420696171,"L"
"162",-0.274622404063174,0.0296337992528559,0.196550959112165,"L"
"163",-0.359293454261198,0.0789201692054152,0.1658161782775,"L"
"164",-0.161811027311585,-0.0880188228923601,0.35953448127116,"W"
"165",-0.321315649163559,0.0733153047929226,0.0508834104763786,"W"
"166",0.577617649307926,-0.811032261677004,-0.157392443858067,"W"
"167",-0.268927287824985,0.0251215378502417,0.0228245428176117,"L"
"168",-0.186379644392349,-0.0584466220564485,0.150288877649176,"L"
"169",-0.0515093816349089,-0.221644439632067,0.30058712819766,"W"
"170",-0.128727486303328,-0.0891455587243531,-0.0573279562163727,"W"
"171",-0.431440417291543,0.160369269301331,-0.0560120596851762,"L"
"172",-0.104676740780304,-0.151514111084767,0.232848090141351,"W"
"173",-0.359293454261198,0.0789201692054152,0.1658161782775,"L"
"174",-0.31084360580305,0.106905875272119,-0.0704658739501029,"W"
"175",-0.189918437024395,-0.073874673039373,0.118566721387578,"W"
"176",-0.172144975073987,-0.0523432390065341,0.190520440863765,"W"
"177",-0.509085617011867,0.240664244189405,-0.0508703253494698,"L"
"178",-0.104676740780304,-0.151514111084767,0.232848090141351,"W"
"179",-0.31915664076289,0.0678809208211502,0.0793094629379042,"W"
"180",-0.53466064575267,0.274374749384727,0.0304134352072903,"W"
"181",-0.31084360580305,0.106905875272119,-0.0704658739501029,"W"
"182",-0.37615633352802,0.134983477484417,-0.122875704580999,"W"
"183",-0.212602054462577,-0.0232528429793751,0.0732635681965313,"W"
"184",-0.255932839658477,-0.086817791659898,-0.113072876952433,"L"
"185",-0.334941690459068,0.0121784192297166,-0.208815055522399,"W"
"186",-0.475194528245241,0.136088165409078,-0.213759448974833,"L"
"187",-0.278616457096659,-0.0361959615999002,-0.158376030143479,"W"
"188",-0.217294951311759,-0.0966896059830163,0.00758114511859514,"L"
"189",-0.668630702880075,0.351265758683187,-0.464282933131841,"L"
"190",-0.30817261772902,-0.0594862892977622,0.0676307930681293,"W"
"191",-0.193502870597603,-0.159722304409534,0.108086713334061,"L"
"192",-0.340636806697257,0.0166906806323308,-0.0350886392278453,"L"
"193",-0.0109126676949839,-0.304020893681619,-0.0822896134991523,"L"
"194",-0.207286465626859,-0.105015997288322,-0.163762958000433,"W"
"195",-0.217294951311759,-0.0966896059830163,0.00758114511859514,"L"
"196",0.574926355326443,-0.960574495958404,0.195450122014369,"W"
"197",-0.457390446741782,0.0692905903480631,0.209974926980632,"W"
"198",-0.172064484686524,-0.187508299067843,0.225525333560727,"W"
"199",-0.226172492321963,-0.171564522762304,0.358694270261918,"W"
"200",-0.251295397852284,-0.129334986340895,0.266343758862686,"L"
"201",-0.228415577759753,-0.140222733466018,0.326563199040249,"W"
"202",-0.0819572788318645,-0.279014321929172,0.377700857720618,"W"
"203",0.536301073295128,-0.900875865026583,0.0576775988054048,"L"
"204",-0.292783421487319,-0.0826784434380828,0.223721767509918,"W"
"205",-0.22035529620461,-0.132083932688075,0.38261521847922,"L"
"206",0.399554315167018,-0.883120100129881,-0.209784444375255,"W"
"207",-0.188966265142892,-0.223502804048513,-0.241551911651928,"L"
"208",-0.303067372550834,-0.15582408739022,0.118340492733038,"W"
"209",-0.546345439390079,0.0814491000959168,-0.221828237962685,"L"
"210",-0.359293454261196,-0.0789201692054149,-0.165816178277472,"W"
"211",-0.370114525188318,-0.0230454088971181,-0.149546295451877,"L"
"212",-0.370114525188318,-0.0230454088971181,-0.149546295451877,"W"
"213",-0.316912354342276,-0.128509732082784,0.0420289336096019,"L"
"214",-0.649565667851206,0.195454580179313,-0.135402743070218,"W"
"215",-0.359293454261196,-0.0789201692054149,-0.165816178277472,"W"
"216",-0.623990639110404,0.16174407498399,-0.216686503626978,"W"
"217",-0.717521322344529,0.285288708098297,-0.398459513069338,"L"
"218",-0.434061662861427,-0.0110392483842643,-0.0865067153396042,"L"
"219",-0.253632167024319,-0.192256045319286,0.0317902412673205,"L"
"220",-0.45739044674178,-0.0692905903480643,-0.209974926980496,"L"
"221",-0.290031765916354,-0.260830975286116,0.253327854926231,"W"
"222",-0.475194528245242,-0.136088165409077,0.213759448974845,"W"
"223",-0.439414097511673,-0.119397484776747,0.178670809747028,"W"
"224",-0.475635299251549,-0.0421254087574849,-0.0883460233152402,"L"
"225",0.412825955859427,-0.960063545706608,-0.175272593223205,"W"
"226",-0.439414097511673,-0.119397484776747,0.178670809747028,"L"
"227",-0.409364793805195,-0.151969033786146,0.0137468405293252,"W"
"228",-0.1096899585094,-0.440109059090697,0.131469835475721,"W"
"229",-0.409364793805195,-0.151969033786146,0.0137468405293252,"W"
"230",-0.306446431033452,-0.246465621721644,0.109510122598411,"W"
"231",0.349667643817055,-0.95323121495407,-0.0618484154628841,"W"
"232",-0.336936668522486,-0.201374523036138,0.172640291498627,"W"
"233",-0.69482670556843,0.144318918223842,-0.28774279274922,"L"
"234",-0.379210655935737,-0.20761248360214,0.187389075363773,"L"
"235",-0.409364793805195,-0.151969033786146,0.0137468405293252,"L"
"236",-0.230429071845902,-0.396026962095384,0.59128553069132,"W"
"237",-0.367876770170161,-0.198625576688958,0.0563688318820934,"W"
"238",-0.351171337840848,-0.207477906086052,0.132408728284038,"L"
"239",-0.311450741143988,-0.222429513474862,-0.0546779045389841,"W"
"240",-0.596232110740041,0.0113379852717279,-0.0738922090503135,"L"
"241",-0.238495301030095,-0.0478846709234309,0.0395689689191638,"L"
"242",0.672221918538571,-1.0213512079121,0.23710152546836,"W"
"243",0.597243429889548,-0.90546563022092,-0.0303392548784536,"W"
"244",0.558618147858233,-0.845766999289099,-0.168111778087418,"W"
"245",-0.20230550034873,-0.110803476027455,0.263085648101055,"L"
"246",-0.228978323289179,-0.0742261206034106,0.0405543819698632,"W"
"247",-0.198038221641505,-0.0769750669505899,0.156825841586397,"L"
"248",-0.264510114599163,-0.352494440987777,0.351284006781078,"W"
"249",-0.398464892141414,-0.166422586135513,0.0121318165259714,"W"
"250",-0.214498644318221,0.173018966820971,-0.11095835095899,"W"
"251",0.0709056527760715,-0.0947709997392952,-0.0170338998672404,"W"
"252",-0.213025981303977,0.145030095603726,0.0869305822875859,"L"
"253",0.028672451533352,-0.0471482971510583,-0.203126005337981,"W"
"254",-0.273422638950313,0.232417815176457,-0.250265976544561,"W"
"255",-0.306446431033452,0.246465621721644,-0.109510122598384,"L"
"256",-0.214498644318221,0.173018966820971,-0.11095835095899,"L"
"257",-0.0590773327338775,0.00941551479967995,0.232144209307599,"L"
"258",-0.146625473518645,0.0979151643310724,-0.0699014051311359,"L"
"259",0.64566534477879,-0.659672384292022,-0.409426516146012,"L"
"260",0.564560068665618,-0.999285860026742,0.100078664118232,"W"
"261",-0.26846250588413,-0.156495438149489,0.278310985837266,"W"
"262",-0.250499216801628,-0.141747027508677,0.23626753373789,"W"
"263",-0.47563529925155,0.0421254087574835,0.0883460233153331,"W"
"264",-0.575540790652258,0.133758368917285,0.019595548600686,"W"
"265",0.00104702918443435,-0.474480767081814,0.681985631706155,"W"
"266",-0.355672560574925,-0.0988588856679062,0.20545566363489,"L"
"267",-0.0113534387012925,-0.397983650333214,0.219815858791014,"W"
"268",-0.669071473886384,0.257303002031592,-0.162177460841674,"L"
"269",-0.132092552037794,-0.353901553337901,0.679631554006613,"W"
"270",-0.1179645552753,-0.328550314904187,0.371053002147816,"W"
"271",-0.332577363045574,-0.0912261054934398,0.534782118541714,"W"
"272",-0.244417344831732,-0.198729704352884,0.237065366596618,"L"
"273",0.496172891183049,-0.892878053450578,-0.145926755809389,"L"
"274",-0.254617524092688,-0.183809793456926,0.354622544960702,"L"
"275",0.575307936274262,-1.01794771373339,0.144410222506304,"W"
"276",-0.31084360580305,-0.10690587527212,0.070465873950192,"L"
"277",-0.0982832154420266,-0.299111212703455,0.180822246046477,"W"
"278",-0.238600148714378,-0.159249114278654,0.260986314813921,"W"
"279",-0.205182318566173,-0.220241751385991,0.268072293494985,"W"
"280",-0.25283481803274,-0.165352497328568,0.220754751599332,"W"
"281",-0.31084360580305,-0.10690587527212,0.070465873950192,"L"
"282",-0.213495353526012,-0.181216796935022,0.118296956606938,"W"
"283",-0.604803220720161,0.225469281432295,-0.349172106321973,"L"
"284",-0.312239735012216,-0.0697186530028915,0.0457054901561472,"W"
"285",-0.174303310746087,-0.235377613262215,0.192405183412784,"W"
"286",-0.349390612663404,-0.0382471215682945,0.117241496174275,"W"
"287",-0.185184346470975,-0.243930871751564,0.370714945583651,"W"
"288",-0.583853825612097,0.172783323368254,-0.13017978828736,"L"
"289",-0.583853825612097,0.172783323368254,-0.13017978828736,"L"
"290",-0.434061662861427,0.0110392483842648,0.0865067153396094,"W"
"291",-0.6094288543529,0.206493828563577,-0.0488960277306004,"L"
"292",-0.31915664076289,-0.0678809208211507,-0.0793094629378545,"L"
"293",-0.461674389192057,0.130735470048476,-0.252563018797374,"L"
"294",-0.296148569897014,0.038245700273252,-0.339724379808368,"L"
"295",-0.0620620137021501,-0.221839136684191,-0.0861945870158763,"W"
"296",0.526485168536218,-0.806946340572995,-0.432636673198614,"W"
"297",-0.0817433535354233,-0.251278238884923,0.104036169085462,"W"
"298",-0.202378946974502,-0.0819770382593899,-0.00603051824843277,"W"
"299",-0.439414097511673,0.119397484776748,-0.17867080974702,"L"
"300",-0.439414097511673,0.119397484776748,-0.17867080974702,"W"
"301",-0.326148180615638,-0.00371116414827314,0.0343879192968118,"W"
"302",-0.319451358835048,-0.021586809648642,-0.0615611694274628,"W"
"303",-0.158961458203842,-0.118779357977209,-0.25387891532857,"L"
"304",-0.274622404063174,-0.0296337992528561,-0.196550959112161,"W"
"305",-0.129769074046371,-0.197130491693921,0.075163687238477,"L"
"306",-0.349390612663404,0.0382471215682944,-0.117241496174293,"L"
"307",-0.208196143091855,-0.12145762833362,-0.0299514664657349,"W"
"308",-0.340636806697258,-0.0166906806323295,0.0350886392277845,"W"
"309",-0.267705498312501,-0.0314715314345969,-0.0715360060181596,"W"
"310",-0.347466310796442,0.045950829876075,-0.180119038107626,"L"
"311",0.00848447890043147,-0.335695357529242,0.0547338820209116,"W"
"312",-0.184149427324627,0.0119034513792115,0.148981513758946,"W"
"313",-0.186379644392349,0.0584466220564482,-0.150288877649158,"L"
"314",-0.282269826200973,0.116547263083343,0.00430536832707079,"L"
"315",0.0967272385712566,-0.247614936219937,0.100995963483915,"W"
"316",-0.0160524552740444,-0.0861360127866497,-0.226024611023614,"W"
"317",-0.373431629521232,0.21881589135778,-0.20630093733437,"W"
"318",-0.0707186985330168,-0.0306989366679046,-0.207616833865567,"L"
"319",-0.0524073501004343,-0.117603328873965,0.299735530872347,"W"
"320",-0.186379644392349,0.0584466220564482,-0.150288877649158,"W"
"321",-0.351171337840848,0.207477906086052,-0.132408728284017,"W"
"322",-0.476651857982359,0.332821371441176,-0.119875442441904,"W"
"323",-0.114136187303677,0.00610338304991444,0.0402315632145706,"W"
"324",-0.263306861393248,0.131761926849371,-0.0994054671728156,"L"
"325",-0.263306861393248,0.131761926849371,-0.0994054671728156,"L"
"326",-0.451076829241557,0.299110866245853,-0.201159202998664,"L"
"327",-0.143998544473428,0.00885705917907927,0.0575562342379161,"W"
"328",-0.252834818032739,0.165352497328567,-0.220754751599297,"L"
"329",-0.134954993533071,-0.201171488780655,0.427199865703958,"W"
"330",-0.334941690459069,-0.0121784192297157,0.208815055522399,"L"
"331",-0.262010382074312,-0.026959270031983,0.102190410276455,"W"
"332",-0.103186132582652,-0.234446235681881,0.389591215634054,"W"
"333",-0.279748358752106,0.0307532224580544,-0.00655465999195176,"L"
"334",0.59859782079474,-0.905955340127106,-0.0194691984186693,"W"
"335",0.0831309339677826,-0.409125268059943,0.403510122388778,"W"
"336",-0.313756242596859,-0.0170745482460282,0.112165246867151,"W"
"337",-0.269111956019021,-0.0280592876067844,0.00880244707687922,"W"
"338",-0.377225014776672,0.0520901003518402,0.0811487890422397,"W"
"339",-0.268927287824985,-0.0251215378502423,-0.0228245428175472,"W"
"340",-0.559199501414995,0.249253211534486,0.00758889238970692,"L"
"341",-0.212701206114623,-0.102025456035048,0.261332128192963,"W"
"342",0.584810330559091,-0.885749520791029,-0.0654197285147031,"L"
"343",-0.345854504825885,0.0481937669426806,0.0280588676587953,"L"
"344",-0.226546187906064,-0.0747111007276113,0.185020569069527,"W"
"345",-0.214457292686721,-0.0989962108896149,0.0957421785699942,"L"
"346",-0.228035882185173,-0.176359194365641,0.116130638797173,"L"
"347",-0.261662183087695,-0.169801742545755,0.307671125385321,"W"
"348",-0.63451180152878,0.192591829731332,-0.0214499206785487,"L"
"349",-0.333775233609099,0.184573040361786,-0.330720816468145,"L"
"350",-0.268462505884129,0.156495438149488,-0.278310985837249,"L"
"351",-0.0863463863844065,-0.0395559958469837,-0.265173068103519,"L"
"352",0.224118559264894,-0.375241857387437,-0.0486127819162157,"W"
"353",0.10951310727806,-0.237865959422678,-0.176543596440753,"W"
"354",-0.223533498077579,0.117469062403477,-0.351018532583317,"L"
"355",-0.147537337105474,-0.0242851101620035,-0.0892783904995689,"W"
"356",-0.0828589725489335,-0.0622101283791431,0.063362892404222,"L"
"357",-0.316912354342276,0.128509732082785,-0.0420289336096464,"W"
"358",-0.48765391220101,0.342939765130815,-0.477707755271229,"L"
"359",-0.00396054043593792,-0.151541804668049,0.07149842519223,"W"
"360",-0.170220954543656,0.0263367198979943,-0.134581543690615,"W"
"361",-0.199777115176017,0.00304639220013234,0.0914252795209936,"W"
"362",-0.226546187906064,0.0747111007276111,-0.185020569069535,"L"
"363",0.605009164742361,-0.736382615301089,-0.424237741646692,"L"
"364",-0.0814730636369802,-0.0581780425089332,-0.174414555941875,"W"
"365",-0.143998544473428,-0.00885705917907906,-0.0575562342379708,"L"
"366",1.37183147678949,0.0640284493609802,-0.147619065372333,"L"
"367",1.38561896702514,0.0438226300249031,-0.101668535276299,"W"
"368",0.536301073295128,0.900875865026582,-0.0576775988052409,"W"
"369",0.558618147858232,0.845766999289099,0.16811177808751,"L"
"370",1.5270149916945,-0.175584208623003,0.405213303555845,"W"
"371",0.354956650259501,-0.209988340918878,-0.277542558882739,"L"
"372",0.0114081636019439,0.126824256453568,-0.0772404075825093,"L"
"373",0.0219386422358514,0.131096591983437,-0.197554145395064,"W"
"374",-0.0368475583727516,0.165750060903963,0.141015543857125,"W"
"375",0.0540301080445093,0.128546744218709,0.0809658959075904,"L"
"376",-0.116004992441373,0.285608536374123,-0.107371437074637,"L"
"377",-0.170845676805833,0.347276709065617,-0.281130552132014,"L"
"378",0.272812859547012,-0.155281660228494,0.453264910204984,"W"
"379",0.12666337980186,0.00296853374956159,0.254160910900622,"W"
"380",-0.0839067302123474,0.220340221185414,-0.0232650578662809,"L"
"381",0.748242306923269,-0.544813490402862,-0.440291091733466,"L"
"382",-0.266845654025294,0.147189977832296,-0.067683310911201,"L"
"383",-0.148615081583397,0.0242803803800185,-0.0443177401403489,"W"
"384",-0.0693841684176361,-0.0338929323469293,-0.0851361654423082,"L"
"385",-0.255932839658478,0.0868177916598996,0.113072876952402,"W"
"386",-0.321686338389755,0.20885815052379,-0.241442425968579,"W"
"387",-0.266845654025294,0.147189977832296,-0.067683310911201,"W"
"388",-0.107341032173319,-0.0141441498529868,0.240967759883581,"W"
"389",-0.454615621873602,0.314538917228778,-0.169437046737049,"L"
"390",-0.194889172958087,0.0743554996784056,-0.0610778545551539,"L"
"391",-0.147537337105474,0.024285110162004,0.0892783904995306,"L"
"392",-0.0111673832591376,-0.173121005026408,0.490598958668877,"W"
"393",-0.285808618833018,0.131975314066267,0.0360275245886853,"L"
"394",-0.21445729268672,0.098996210889615,-0.0957421785699679,"W"
"395",-0.117674979935722,0.0215314340328392,0.0719537194761851,"W"
"396",-0.548146305107728,0.438083550343085,-0.35121005617941,"L"
"397",-0.096810553539412,-0.00987181432311791,0.120654022071026,"W"
"398",-0.189918437024394,0.073874673039373,-0.118566721387543,"L"
"399",0.252659436611071,1.03148147136879,0.312449679389855,"W"
"400",1.37183147678949,-0.0640284493609814,0.147619065372515,"W"
"401",0.603276039202504,0.722265569747505,0.447837903970299,"L"
"402",1.41045675882081,-0.123727080292802,0.285391588581479,"W"
"403",0.378093145801942,0.891565369171177,0.413824968857799,"L"
"404",0.645665344778788,0.659672384292022,0.409426516146114,"W"
"405",0.748242306923267,0.544813490402862,0.440291091733557,"W"
"406",0.252659436611071,1.03148147136879,0.312449679389855,"L"
"407",0.570685418975917,0.727296012739662,0.328124937108345,"W"
"408",0.399554315167017,0.883120100129883,0.209784444375299,"L"
"409",0.574803726266977,0.76935877868791,0.209769925885533,"L"
"410",0.580885598236874,0.712376101843703,0.210567758744261,"W"
"411",0.327407352136672,0.964569200225799,-0.0120437935873774,"L"
"412",0.349667643817056,0.953231214954071,0.0618484154629761,"L"
"413",0.503638266338434,0.860074691232764,0.0602381489234303,"L"
"414",0.555762692706553,0.754605638265113,0.11821724734503,"L"
"415",0.3549566502595,0.20998834091888,0.277542558882597,"W"
"416",0.224118559264894,0.375241857387437,0.0486127819161491,"L"
"417",0.211706929021395,0.36625022069227,0.046036894757949,"W"
"418",0.0858472775373489,0.482932061291701,-0.00463808399469615,"L"
"419",0.298637423545112,0.278052234475798,0.180493981703111,"W"
"420",0.160003702103449,0.440511190043487,0.305083914620597,"L"
"421",0.315709753637887,0.248781469334393,0.290792078550581,"L"
"422",0.160003702103449,0.440511190043487,0.305083914620597,"L"
"423",-0.472046515336643,0.0768828364575235,-0.277469950557268,"L"
"424",-0.472046515336643,0.0768828364575235,-0.277469950557268,"W"
"425",-0.60497579882049,0.182563603162511,-0.205464571325739,"L"
"426",-0.282269826200972,-0.116547263083342,-0.00430536832709373,"W"
"427",-0.472046515336643,0.0768828364575235,-0.277469950557268,"W"
"428",-0.60497579882049,0.182563603162511,-0.205464571325739,"L"
"429",0.0858472775373499,-0.4829320612917,0.00463808399466129,"W"
"430",-0.340463282165319,-0.0610383907834359,-0.122967256081807,"L"
"431",-0.448576340922969,0.0191109971751887,-0.0506209141164463,"L"
"432",-0.0283879789837975,-0.425675532836587,0.45692551177973,"W"
"433",-0.28405253226092,-0.135004559211699,0.129562425034276,"W"
"434",-0.448576340922969,0.0191109971751887,-0.0506209141164463,"L"
"435",-0.3084922362712,-0.0813534840062686,-0.0813306777797381,"L"
"436",-0.385107568743157,-0.0500536514226797,-0.0196044562915347,"W"
"437",-0.285808618833018,-0.131975314066266,-0.0360275245886919,"W"
"438",-0.698506482054615,0.306108236276818,-0.387237580768099,"L"
"439",-0.3084922362712,-0.0813534840062686,-0.0813306777797381,"L"
"440",0.578307721685193,-0.888880791881077,-0.131634445285821,"W"
"441",-0.282300481183859,-0.0098847217859541,-0.0099748365906966,"L"
"442",-0.355672560574923,0.0988588856679055,-0.205455663634837,"W"
"443",-0.19610950344955,-0.0917934769667042,0.104230953773871,"W"
"444",-0.319451358835047,0.0215868096486428,0.061561169427431,"L"
"445",-0.294188122868225,-0.00756616296518072,-0.0775009228523087,"L"
"446",-0.113194488294909,-0.239770997300537,0.559757988700425,"W"
"447",-0.310951144177056,0.00763278017446711,0.329326454906824,"W"
"448",-0.647445255017866,0.356161887699499,-0.367633124476564,"L"
"449",-0.0839067302123468,-0.220340221185413,0.023265057866257,"W"
"450",-0.340743163486997,0.0178756455003696,0.0959490887242747,"L"
"451",-0.313756242596858,0.0170745482460287,-0.112165246867123,"L"
"452",-0.282300481183859,-0.0098847217859541,-0.0099748365906966,"L"
"453",-0.385107568743156,0.0500536514226812,0.0196044562915304,"L"
"454",-0.0428917406303524,-0.213638431688881,0.342302493147888,"W"
"455",-0.409364793805195,0.151969033786146,-0.013746840529258,"L"
"456",-0.178146839385377,-0.0888860793242219,0.134972502752027,"W"
"457",-0.340463282165319,0.0610383907834364,0.12296725608183,"W"
"458",-0.409364793805195,0.151969033786146,-0.013746840529258,"L"
"459",-0.409364793805195,0.151969033786146,-0.013746840529258,"W"
"460",-0.214603630681274,-0.0556434498159945,0.173642234834475,"W"
"461",-0.269111956019021,0.0280592876067839,-0.00880244707682351,"L"
"462",-0.321500317357595,0.0762530545494648,0.0192564205819434,"W"
"463",-0.0339316258952779,-0.19633587849109,0.153979090210727,"W"
"464",-0.237656194606022,0.00110001757480115,0.0933879631996027,"L"
"465",-0.292783421487318,0.0826784434380813,-0.223721767509794,"L"
"466",0.45664375304368,0.164886497540252,-0.420174819364156,"L"
"467",0.0857823422228972,0.503560030513033,-0.355203949953867,"L"
"468",0.36779506040334,0.256690644353714,-0.383918724099852,"L"
"469",0.272814531801254,0.366818713876993,-0.626852760421387,"L"
"470",0.24798078546685,-0.0694333354290262,-0.151237143356869,"L"
"471",-0.0817433535354227,0.251278238884924,-0.104036169085562,"L"
"472",0.0088350073665143,0.186803287395511,-0.134785468409994,"W"
"473",-0.0197230039348254,0.198391596652693,-0.227323560001197,"W"
"474",-0.33715596159218,0.514994641885513,-0.57044977158181,"L"
"475",-0.0102060261939101,0.172050146972713,-0.226338146950497,"L"
"476",0.146537410172893,0.0205130720866492,-0.0212435911183515,"L"
"477",-0.117964555275298,0.328550314904187,-0.371053002147831,"L"
"478",-0.0215399119594862,0.163063240059531,-0.0953179034688179,"L"
"479",-0.051509381634908,0.221644439632068,-0.300587128197692,"L"
"480",0.0824629126570065,0.0455944887016547,0.149437280323814,"W"
"481",0.00471670007545397,0.144740521447262,-0.0164304571871821,"W"
"482",-0.409737249718241,0.58585331693578,-0.533230462989558,"L"
"483",-0.0197230039348254,0.198391596652693,-0.227323560001197,"L"
"484",0.0659013426655345,-0.118807107986077,0.147154127270209,"W"
"485",0.654448524903903,-0.703914311874882,-0.199287958912529,"L"
"486",0.165231587291995,-0.294176662364436,0.648317512929887,"W"
"487",0.728744626773179,-0.818981755309364,0.0664105453419635,"W"
"488",-0.411356232544697,0.314062473634663,-0.0140725701755823,"L"
"489",0.720866060924236,-0.807435572831606,0.0401530995728014,"W"
"490",-0.311450741143989,0.222429513474862,0.0546779045390647,"L"
"491",0.0639824267659283,-0.125875398802374,0.22240383527905,"W"
"492",-0.00694735631313394,-0.0781158816395091,0.269645845315238,"L"
"493",-0.264510114599163,0.352494440987779,-0.351284006781148,"L"
"494",-0.103186132582651,0.234446235681882,-0.389591215634128,"L"
"495",0.126663379801861,-0.00296853374955986,-0.254160910900748,"L"
"496",0.419190229151906,-0.0965482079096544,0.395033149759979,"W"
"497",0.0156062308066742,0.31337815740463,0.199637362962627,"W"
"498",0.109513107278059,0.237865959422678,0.176543596440728,"L"
"499",0.715204349078981,-0.327967547511768,-0.23737307260793,"L"
"500",0.135108185740585,0.201283874216647,0.26547873193204,"W"
"501",-0.0646358940062216,0.422438999784464,-0.154177220027381,"W"
"502",-0.042891740630352,0.213638431688881,-0.342302493147959,"L"
"503",-0.0127376027608939,0.157994981872887,-0.168660258313511,"L"
"504",0.832696602032353,-0.675803803309199,-0.344316692874345,"W"
"505",0.77929900903427,-0.594456080231581,-0.531321926900488,"L"
"506",-0.0109206947362331,0.193323338466049,-0.30066591484589,"W"
"507",-0.115550979169584,0.292160810574354,-0.357497562037849,"L"
"508",0.256783094665442,-0.0745015936156705,-0.224579498201563,"L"
"509",0.72512008277174,0.682331133309683,0.31463773330461,"W"
"510",1.46376919138524,-0.100009576784264,0.23133679241429,"W"
"511",0.660195054159,0.723013438784644,0.516926925129302,"L"
"512",0.790178039668949,0.618826924245669,0.267748815954463,"W"
"513",0.412825955859426,0.960063545706608,0.175272593223319,"L"
"514",0.556091483474085,0.878911761203112,0.0142190231619713,"L"
"515",0.88950828429541,0.44345736986731,0.768912201614142,"W"
"516",0.526091872755461,0.836954896781587,0.388331322267151,"W"
"517",0.779299009034269,0.594456080231581,0.531321926900465,"W"
"518",1.44514275792765,-0.0698015405998598,0.160747788257056,"W"
"519",0.577617649307925,0.811032261677004,0.157392443858178,"L"
"520",-0.0687031438266022,-0.00427233552986902,0.1203137378125,"W"
"521",-0.228207765678577,0.157061792155414,-0.188337332982282,"L"
"522",0.0190466404406273,-0.0608361474806072,-0.31495647683308,"L"
"523",-0.283048450043037,0.218729964846908,-0.362096448039659,"W"
"524",0.0540301080445087,-0.128546744218709,-0.0809658959076686,"W"
"525",-0.196109503449551,0.0917934769667049,-0.104230953773925,"L"
"526",-0.0909361596762548,0.048905335125934,-0.0734190836709259,"L"
"527",0.0467662431301234,-0.117384880182928,0.0401227936207164,"W"
"528",-0.150737304341263,0.0982798386364296,-0.157903909855172,"W"
"529",-0.316119053076817,0.218205134549606,-0.107432018783426,"W"
"530",-0.217294951311761,0.0966896059830173,-0.00758114511867812,"W"
"531",-0.162101619604798,0.139621247670787,-0.222950860633029,"L"
"532",-0.00642721866087459,-0.0837502050785737,0.0324939028920144,"L"
"533",-0.202806325230142,0.109669122467074,-0.00828186504965085,"L"
"534",-0.228207765678577,0.157061792155414,-0.188337332982282,"L"
"535",0.0219386422358498,-0.131096591983436,0.197554145394898,"L"
"536",-0.217294951311761,0.0966896059830173,-0.00758114511867812,"W"
"537",-0.441552762267687,0.358121236747219,-0.20880730825137,"W"
"538",-0.228207765678577,0.157061792155414,-0.188337332982282,"W"
"539",-0.0307462800709189,-0.0240211180238115,-0.205790187513389,"W"
"540",-0.415977733526885,0.324410731551896,-0.29009106880813,"L"
"541",-0.0968105535394126,0.00987181432311812,-0.120654022071083,"L"
"542",0.733386530905933,0.61111455947659,0.423185391097804,"W"
"543",0.654448524903902,0.70391431187488,0.19928795891267,"W"
"544",1.36373563742283,-0.00865963685831955,0.0196930843269715,"L"
"545",1.41045675882081,-0.0833154416206479,0.193490528389397,"W"
"546",1.41045675882081,-0.0833154416206479,0.193490528389397,"W"
"547",1.44287068251404,-0.13372929714113,0.310030062642665,"W"
"548",0.733386530905933,0.61111455947659,0.423185391097804,"W"
"549",1.41045675882081,-0.0833154416206479,0.193490528389397,"W"
"550",0.588505518136814,0.754059698340764,0.309349282283048,"L"
"551",1.41045675882081,-0.0833154416206479,0.193490528389397,"W"
"552",0.526485168536217,0.806946340572995,0.432636673198682,"L"
"553",0.620902315970261,0.716830501535662,0.370554135511311,"L"
"554",0.620902315970261,0.716830501535662,0.370554135511311,"L"
"555",0.675867500131536,0.665512850063626,0.507293718377885,"W"
"556",1.38561896702514,-0.043822630024904,0.101668535276466,"L"
"557",0.84289250888137,0.490210468493151,0.446641983920134,"W"
"558",0.853543262580032,0.44671593847864,0.69283130569356,"W"
"559",1.41932014540087,-0.096304896908126,0.223030154879704,"W"
"560",0.675867500131536,0.665512850063626,0.507293718377885,"L"
"561",1.44287068251404,-0.13372929714113,0.310030062642665,"L"
"562",0.696430831819087,0.625798430235372,0.468933804227867,"L"
"563",1.41045675882081,-0.0833154416206479,0.193490528389397,"W"
"564",0.714342728708968,0.598147052409083,0.512609103936085,"L"
"565",-0.397890090770544,-0.119303707705738,0.58719194917264,"W"
"566",-0.309730072556701,-0.226807306565182,0.289475197227544,"W"
"567",-0.472046515336644,-0.0768828364575238,0.277469950557347,"W"
"568",-0.333775233609099,-0.184573040361787,0.330720816468192,"W"
"569",-0.453083550528919,-0.0616681726914954,0.17375911505746,"W"
"570",-0.369239427777347,-0.136821209666159,0.24789065767512,"W"
"571",-0.321686338389755,-0.208858150523791,0.241442425968659,"L"
"572",-0.472046515336644,-0.0768828364575238,0.277469950557347,"L"
"573",-0.283048450043038,-0.218729964846909,0.362096448039688,"L"
"574",-0.472046515336644,-0.0768828364575238,0.277469950557347,"L"
"575",-0.170845676805834,-0.347276709065618,0.281130552132073,"W"
"576",-0.273422638950313,-0.232417815176458,0.25026597654463,"L"
"577",-0.303912876439348,-0.187326716490952,0.313396145444846,"L"
"578",-0.334852978087022,-0.184577770143773,0.197124685828312,"W"
"579",-0.734384201611353,0.229225399819294,-0.109767630210748,"L"
"580",-0.0646358940062213,-0.422438999784466,0.154177220027475,"L"
"581",-0.319930251817658,-0.211887395669224,0.407032375591628,"W"
"582",-0.255622064921262,-0.242751082870721,0.156306260526353,"L"
"583",-0.31197315799449,-0.195465517268895,0.257344126005876,"W"
"584",-0.453083550528919,-0.0616681726914954,0.17375911505746,"L"
"585",-0.319930251817658,-0.211887395669224,0.407032375591628,"L"
"586",-0.37615633352802,-0.134983477484418,0.122875704581118,"L"
"587",-0.0825010632154192,-0.0364319579290651,-0.0865502514657767,"L"
"588",0.0980110179923415,-0.210198154642181,-0.0736004011769882,"L"
"589",0.024398039908727,-0.115301419246529,-0.173800298914284,"W"
"590",-0.309471066237889,0.231627570858418,-0.479512259842881,"L"
"591",-0.0484506590699415,-0.074610192899961,-0.0513085808692549,"W"
"592",-0.0370553281396573,-0.10478852460678,0.208467923508568,"L"
"593",-0.185932133384575,0.0303607475075692,0.0151137203975345,"W"
"594",-0.115918893363625,0.0245606791782721,-0.0936362301468408,"L"
"595",0.570685418975917,-0.72729601273966,-0.328124937108352,"L"
"596",-0.0406599169884822,-0.0517972101825154,-0.126911381564137,"L"
"597",-0.303067372550835,0.155824087390221,-0.118340492733106,"L"
"598",-0.156375972752214,0.0536510752054312,-0.210893102814074,"W"
"599",-0.0121394518126728,-0.154820089511518,0.410591107374554,"W"
"600",-0.452859535301505,0.317568162374211,-0.335026996360075,"L"
"601",-0.284052532260921,0.1350045592117,-0.129562425034341,"L"
"602",-0.54639021853563,0.441112795488518,-0.516800005802436,"L"
"603",-0.156375972752214,0.0536510752054312,-0.210893102814074,"W"
"604",-0.0712623862531581,-0.0698752676042024,0.0555696406634663,"W"
"605",-0.121736089480978,-0.0149199108959578,-0.117557178364143,"W"
"606",-0.261006257185565,0.152488547313737,-0.267724750006034,"L"
"607",-0.069013990757492,-0.0348957730717062,-0.0129486667192371,"W"
"608",-0.212701206114623,0.102025456035048,-0.261332128192994,"L"
"609",0.0224791240091208,-0.122369710062826,-0.098550590905443,"W"
"610",-0.069013990757492,-0.0348957730717062,-0.0129486667192371,"W"
"611",-0.319930251817657,0.211887395669223,-0.407032375591604,"L"
"612",-0.254617524092687,0.183809793456925,-0.354622544960708,"W"
"613",0.00471670007545378,-0.144740521447261,0.0164304571870542,"L"
"614",-0.319930251817657,0.211887395669223,-0.407032375591604,"W"
"615",-0.452859535301505,0.317568162374211,-0.335026996360075,"L"
"616",0.0528132269133003,-0.0584303764572472,0.153669121066034,"W"
"617",0.0236482699079133,-0.0209335229810195,0.123814733501215,"L"
"618",-0.116937257805228,0.105929873204561,0.0915843971487849,"W"
"619",-0.0693841684176369,0.0338929323469292,0.0851361654423246,"W"
"620",-0.172064484686523,0.187508299067841,-0.225525333560611,"L"
"621",0.162319204888737,-0.179334467440686,0.177125713888364,"W"
"622",-0.00819321769656949,0.018622046661949,-0.0907585121616256,"L"
"623",0.736777199945999,-0.762963287222523,-0.0530504765943559,"W"
"624",-0.255622064921262,0.242751082870719,-0.156306260526252,"W"
"625",-0.232151890507588,0.184979243588384,0.0705427759145701,"W"
"626",-0.0307462800709191,0.0240211180238109,0.205790187513353,"L"
"627",-0.0814730636369807,0.0581780425089328,0.174414555941857,"L"
"628",0.762297378521411,-0.803274233074966,0.0405137926108949,"W"
"629",0.0337694247163349,-0.0713978835247542,0.243092833904316,"L"
"630",-0.266845654025294,-0.147189977832296,0.0676833109112215,"W"
"631",-0.205654703304227,-0.162460863517276,-0.108211366692729,"W"
"632",-0.228207765678576,-0.157061792155414,0.18833733298225,"W"
"633",-0.453083550528919,0.0616681726914943,-0.173759115057355,"L"
"634",-0.266845654025294,-0.147189977832296,0.0676833109112215,"L"
"635",-0.0351422807189204,-0.36041737761991,0.159672859357261,"L"
"636",-0.116004992441373,-0.285608536374123,0.107371437074636,"W"
"637",-0.321315649163559,-0.0733153047929231,-0.0508834104763199,"L"
"638",-0.163692060891322,-0.252480793703979,0.225639979373213,"W"
"639",-0.187343354871644,-0.249365255723336,0.399140998045186,"L"
"640",0.566805534375989,-0.987243688873631,0.0296252995220824,"W"
"641",-0.176462319146756,-0.240811997233987,0.220831235874318,"W"
"642",-0.228207765678576,-0.157061792155414,0.18833733298225,"W"
"643",-0.321315649163559,-0.0733153047929231,-0.0508834104763199,"L"
"644",-0.321500317357595,-0.0762530545494652,-0.0192564205818935,"L"
"645",-0.263306861393248,-0.131761926849371,0.0994054671728197,"W"
"646",-0.108755258802535,-0.265520642224258,0.0594729616199652,"W"
"647",-0.345854504825885,-0.0481937669426811,-0.0280588676587443,"W"
"648",-0.228207765678576,-0.157061792155414,0.18833733298225,"L"
"649",-0.263306861393248,-0.131761926849371,0.0994054671728197,"W"
"650",-0.453083550528919,0.0616681726914943,-0.173759115057355,"W"
"651",-0.586012834012767,0.167348939396482,-0.101753735825826,"L"
"652",0.532421969220517,-0.933943287733709,-0.0934785961734758,"W"
"653",0.121527995910417,0.19925394598033,0.0172495078055775,"L"
"654",0.115446123940521,0.256236622824537,0.0164516749468492,"W"
"655",0.247980785466849,0.069433335429027,0.151237143356775,"W"
"656",0.160763022175976,0.177741898947223,0.0482564347039438,"L"
"657",0.456643753043678,-0.16488649754025,0.420174819363968,"W"
"658",-0.0113534387012918,0.397983650333213,-0.219815858790988,"L"
"659",0.115446123940521,0.256236622824537,0.0164516749468492,"W"
"660",-0.109689958509401,0.440109059090697,-0.131469835475708,"L"
"661",0.172001699138237,0.144298589272085,0.190376326833187,"W"
"662",-0.109736769460041,0.425536422248209,-0.0175612601656507,"L"
"663",0.172001699138237,0.144298589272085,0.190376326833187,"L"
"664",-0.20959544991011,0.531742019250499,-0.200220310190355,"W"
"665",0.0442806640119771,0.346952535369391,-0.133080102015254,"L"
"666",0.256783094665442,0.0745015936156711,0.224579498201439,"W"
"667",-0.0109126676949854,0.30402089368162,0.0822896134990969,"W"
"668",-0.303126133144235,0.655286652364806,-0.381993319632715,"L"
"669",0.0868881126391809,0.267824932081719,-0.0760864166443538,"L"
"670",0.63679237398096,-0.911522665100301,0.0164554817237396,"W"
"671",0.63679237398096,-0.911522665100301,0.0164554817237396,"W"
"672",-0.294188122868226,0.00756616296518134,0.0775009228523263,"W"
"673",-0.260180239023473,0.055393933669264,-0.0412189840067768,"L"
"674",-0.194889172958087,-0.0743554996784054,0.0610778545551692,"W"
"675",-0.535005748053624,0.292869375614413,-0.327351510216491,"L"
"676",-0.320730411815377,0.0471149312726538,0.156831987418739,"L"
"677",-0.146242798926469,-0.0925537053068293,0.0103877735071699,"L"
"678",-0.146625473518645,-0.0979151643310726,0.0699014051311404,"W"
"679",0.115446123940521,-0.256236622824538,-0.0164516749469091,"L"
"680",0.683481065458488,-0.845992650040307,-0.162446315388854,"W"
"681",-0.152257665461155,0.0115883092571814,-0.0925380915912363,"W"
"682",-0.250499216801628,0.141747027508675,-0.236267533737871,"L"
"683",0.574803726266977,-0.76935877868791,-0.209769925885514,"W"
"684",0.00883500736651325,-0.186803287395511,0.134785468409892,"L"
"685",-0.0909361596762551,-0.0489053351259347,0.0734190836708382,"W"
"686",-0.126217758818815,-0.0170175237312658,-0.055862541973468,"W"
"687",0.603276039202505,-0.722265569747506,-0.447837903970218,"W"
"688",-0.542271911244571,0.399050029540268,-0.398444994579598,"L"
"689",0.115446123940521,-0.256236622824538,-0.0164516749469091,"L"
"690",-0.0648956834664325,-0.076958539019956,0.105406344503601,"L"
"691",-0.111800586072565,-0.0175020867699776,0.0247187810759971,"L"
"692",-0.311038825204067,0.441795611734824,-0.330213862428913,"L"
"693",0.250482481788442,-0.12946523529608,0.177402054527601,"W"
"694",0.129681258284765,-0.0305926401509053,0.415404241305717,"W"
"695",-0.211180144753998,0.335590014732534,-0.147554812404208,"L"
"696",0.0467662431301235,0.117384880182928,-0.0401227936208369,"L"
"697",0.146537410172892,-0.0205130720866482,0.021243591118217,"W"
"698",-0.311038825204067,0.441795611734824,-0.330213862428913,"L"
"699",-0.00503828491386105,0.151537074886064,-0.205094555832212,"L"
"700",-0.0457983960184446,0.215664718819357,-0.198026703475954,"L"
"701",-0.00396054043593814,0.15154180466805,-0.0714984251923326,"L"
"702",0.252659436611073,-1.03148147136879,-0.312449679389698,"L"
"703",-0.556394402995193,-0.258694979606047,0.433902809384311,"W"
"704",-0.559199501414995,-0.249253211534486,-0.0075888923896361,"W"
"705",-0.892888513836002,0.0898341279189843,-0.263056769999078,"W"
"706",-0.476651857982359,-0.332821371441176,0.119875442441928,"L"
"707",-0.534117401416255,-0.259841398110789,0.0509033983962407,"W"
"708",-0.358637747113045,-0.506098757081052,0.664334343177912,"W"
"709",0.252659436611073,-1.03148147136879,-0.312449679389698,"W"
"710",-0.634511801528781,-0.192591829731332,0.021449920678616,"W"
"711",-0.441552762267687,-0.358121236747219,0.208807308251358,"L"
"712",-0.649565667851207,-0.195454580179312,0.135402743070252,"L"
"713",-0.47047747021914,-0.334856789169205,0.104054986217547,"W"
"714",-0.428999358515792,-0.387710625498599,0.167192984337581,"W"
"715",-0.609428854352899,-0.206493828563577,0.0488960277306563,"W"
"716",-0.799357830601877,-0.033710505195323,-0.0812837605567176,"L"
"717",-0.534660645752669,-0.274374749384728,-0.0304134352072117,"L"
"718",-0.0934536947677723,-0.088546848277138,0.197944436094845,"W"
"719",0.588505518136815,-0.754059698340765,-0.309349282282941,"W"
"720",0.562000518830285,-0.712305479678602,-0.406195732209337,"W"
"721",-0.152257665461155,-0.0115883092571825,0.0925380915912103,"L"
"722",-0.477299239311785,0.263917087168779,-0.124133893545994,"W"
"723",-0.0197230039348265,-0.198391596652693,0.227323560001136,"L"
"724",-0.398464892141416,0.166422586135514,-0.0121318165259326,"L"
"725",-0.238495301030095,0.0478846709234302,-0.0395689689191319,"W"
"726",-0.0365791558229531,-0.20847116471695,0.621484210188636,"W"
"727",-0.278616457096661,0.0361959615999008,0.158376030143458,"L"
"728",-0.156375972752215,-0.0536510752054311,0.210893102814022,"L"
"729",-0.0957020902634384,-0.123526342809634,0.266462743477548,"W"
"730",-0.1069407672257,-0.0900830331344969,0.124342851348305,"W"
"731",-0.308492236271201,0.0813534840062687,0.081330677779741,"W"
"732",-0.0109206947362341,-0.193323338466048,0.3006659148458,"L"
"733",-0.156375972752215,-0.0536510752054311,0.210893102814022,"L"
"734",0.0868881126391807,-0.26782493208172,0.0760864166443346,"W"
"735",-0.170220954543656,-0.0263367198979947,0.134581543690586,"L"
"736",-0.0197230039348265,-0.198391596652693,0.227323560001136,"W"
"737",-0.205685148711904,0.0214151107976335,0.0517513848975139,"L"
"738",-0.308492236271201,0.0813534840062687,0.081330677779741,"W"
"739",-0.212602054462577,0.0232528429793742,-0.0732635681964878,"L"
"740",0.121527995910418,-0.19925394598033,-0.0172495078056214,"W"
"741",-0.3097300725567,0.226807306565182,-0.289475197227479,"L"
"742",-0.226172492321962,0.171564522762304,-0.358694270261838,"L"
"743",-0.00763498207303565,-0.0527588057623337,-0.2423352260209,"L"
"744",0.580885598236874,-0.712376101843702,-0.210567758744227,"L"
"745",-0.178146839385376,0.0888860793242222,-0.134972502752017,"L"
"746",-0.171045265440667,0.0899860968990235,-0.0415845395524421,"W"
"747",-0.0439898768994255,-0.0842261218496486,0.283424915875062,"W"
"748",-0.536190039274673,0.456032706384476,-0.39924282743831,"L"
"749",-0.0203385829191037,-0.0873416598302918,0.109923897203089,"L"
"750",-0.24441734483173,0.198729704352883,-0.237065366596583,"W"
"751",-0.208196143091855,0.12145762833362,0.0299514664656855,"L"
"752",-0.121736089480978,0.014919910895959,0.117557178364066,"L"
"753",-0.397890090770543,0.119303707705737,-0.587191949172682,"L"
"754",-0.387430905190775,0.139043882894932,-0.659671833423959,"L"
"755",-0.263891972337461,-0.0622229404559168,-0.165045853183543,"L"
"756",-0.266122189405182,-0.01567976977868,-0.464316244591647,"L"
"757",0.020051179039456,-0.302781842605667,-0.253759974758066,"W"
"758",0.16000370210345,-0.440511190043486,-0.305083914620753,"W"
"759",-0.310951144177057,-0.00763278017446594,-0.329326454906949,"L"
"760",-0.556394402995192,0.258694979606048,-0.433902809384393,"L"
"761",0.16000370210345,-0.440511190043486,-0.305083914620753,"W"
"762",-0.332577363045573,0.0912261054934388,-0.534782118541786,"L"
"763",0.020051179039456,-0.302781842605667,-0.253759974758066,"W"
"764",-0.263891972337461,-0.0622229404559168,-0.165045853183543,"W"
"765",-0.131841557636162,-0.0294376233198229,0.15426525654222,"W"
"766",0.211706929021395,-0.366250220692269,-0.0460368947580095,"L"
"767",-0.0127376027608938,-0.157994981872886,0.168660258313383,"W"
"768",-0.379210655935736,0.207612483602141,-0.187389075363763,"W"
"769",-0.379257466886377,0.193039846759652,-0.0734805000537059,"L"
"770",-0.214603630681273,0.0556434498159948,-0.173642234834478,"L"
"771",-0.0215399119594862,-0.16306324005953,0.0953179034687196,"W"
"772",-0.142175505398565,0.00623796056600308,-0.0147487838651754,"L"
"773",0.24041700324625,0.172535932820236,-0.23748050966691,"L"
"774",0.870766109763147,-0.447238263514673,-0.640972816437742,"W"
"775",0.931274721396774,-0.542099887613078,-0.421224842279283,"L"
"776",-0.294859874771923,-0.129070314169904,0.00596578595448728,"L"
"777",-0.448576340922969,-0.0191109971751874,0.0506209141164526,"W"
"778",-0.218713864822431,-0.253261589132495,0.346051076661729,"W"
"779",-0.425530065847614,-0.00162700907315087,-0.0875414108552405,"L"
"780",-0.218713864822431,-0.253261589132495,0.346051076661729,"L"
"781",-0.195062570842109,-0.256377127113138,0.172550057989756,"W"
"782",-0.448576340922969,-0.0191109971751874,0.0506209141164526,"W"
"783",-0.377225014776671,-0.0520901003518399,-0.0811487890422006,"L"
"784",-0.205183725650531,-0.205912766569403,0.0532719575866561,"W"
"785",-0.288502983580816,-0.137693677986559,0.030495089564982,"W"
"786",-0.232151890507587,-0.184979243588384,-0.0705427759145409,"L"
"787",0.564560068665619,0.999285860026741,-0.100078664118164,"L"
"788",0.736676529542886,0.779044108640752,0.167993629376768,"L"
"789",0.750163602000814,0.78058029349811,0.241595214123307,"L"
"790",0.637932148056682,0.890542252572882,0.0954021629259766,"L"
"791",0.728744626773179,0.818981755309364,-0.0664105453419081,"L"
"792",0.832696602032352,0.6758038033092,0.344316692874262,"L"
"793",0.0659013426655346,0.118807107986076,-0.147154127270182,"L"
"794",0.0243980399087259,0.115301419246529,0.173800298914211,"L"
"795",-0.0620620137021508,0.22183913668419,0.0861945870158306,"L"
"796",0.79017803966895,-0.61882692424567,-0.267748815954402,"L"
"797",0.742774531491226,-0.543352985226642,-0.443288536109148,"W"
"798",0.107883649580719,0.0406912263465674,0.122491718045016,"L"
"799",0.616244299918206,-0.42321773238048,-0.316427929257883,"L"
"800",0.138499147316668,0.0476227025882363,-0.186092105470754,"L"
"801",0.0709056527760708,0.0947709997392945,0.0170338998672139,"L"
"802",0.264996080341665,-0.138391265410165,0.346389219510709,"W"
"803",0.742774531491226,-0.543352985226642,-0.443288536109148,"W"
"804",0.178813432659782,-0.00706829081629744,0.0752497080088277,"L"
"805",-0.108755258802535,0.265520642224257,-0.0594729616199563,"L"
"806",0.115674391662179,0.0635042090640129,0.0468889173501336,"W"
"807",-0.0982832154420262,0.299111212703453,-0.180822246046438,"L"
"808",-0.116937257805228,-0.105929873204562,-0.0915843971487752,"L"
"809",-0.282300481183861,0.00988472178595444,0.0099748365906881,"W"
"810",-0.369239427777347,0.136821209666158,-0.247890657675045,"L"
"811",0.637932148056682,-0.890542252572882,-0.0954021629259705,"W"
"812",-0.262010382074312,0.0269592700319824,-0.102190410276435,"L"
"813",-0.121267820658389,-0.0927385425305052,0.0429790415889654,"L"
"814",-0.312239735012216,0.0697186530028909,-0.0457054901561424,"L"
"815",-0.171045265440668,-0.0899860968990234,0.041584539552416,"L"
"816",-0.282300481183861,0.00988472178595444,0.0099748365906881,"W"
"817",-0.237656194606023,-0.00110001757480175,-0.0933879631995841,"W"
"818",-0.267705498312501,0.0314715314345966,0.0715360060181189,"L"
"819",-0.121267820658389,-0.0927385425305052,0.0429790415889654,"L"
"820",-0.0608041359427845,-0.164360249661809,0.0620847239172404,"L"
"821",-0.205685148711904,-0.0214151107976344,-0.0517513848975153,"W"
"822",-0.165228069323314,-0.0505055068247935,0.0655054877697181,"L"
"823",-0.134954993533069,0.201171488780657,-0.427199865704048,"L"
"824",-0.375113322719951,0.416714195119819,-0.500894733871129,"L"
"825",-0.21871386482243,0.253261589132497,-0.346051076661836,"L"
"826",0.315709753637889,-0.248781469334392,-0.290792078550728,"W"
"827",-0.187343354871643,0.249365255723337,-0.399140998045281,"W"
"828",-0.21871386482243,0.253261589132497,-0.346051076661836,"W"
"829",-0.0439898768994247,0.0842261218496507,-0.283424915875197,"L"
"830",-0.052407350100433,0.117603328873966,-0.299735530872484,"L"
"831",-0.185184346470974,0.243930871751565,-0.370714945583755,"L"
"832",0.0824629126570073,-0.0455944887016523,-0.149437280323999,"L"
"833",0.774243698769705,0.699141359485278,0.489269250120282,"W"
"834",0.59859782079474,0.905955340127106,0.0194691984187209,"L"
"835",0.664440031898064,0.83123950961751,0.0708936368483399,"W"
"836",1.44514275792765,0.06980154059986,-0.160747788256958,"L"
"837",0.601610510623226,0.948713301802972,-0.146528765095061,"L"
"838",-0.252689363526284,0.407364947367114,-0.665177739741799,"L"
"839",-0.132092552037791,0.353901553337902,-0.679631554006726,"L"
"840",-0.138481285130669,0.322580307194714,-0.592733759052051,"L"
"841",-0.252689363526284,0.407364947367114,-0.665177739741799,"L"
"842",-0.2304290718459,0.396026962095387,-0.591285530691446,"L"
"843",-0.0111673832591362,0.17312100502641,-0.490598958669045,"L"
"844",-0.0845346268227008,0.13262231823382,0.0227470015585107,"L"
"845",0.196342039073183,-0.126896069365329,-0.0252385487165202,"W"
"846",-0.0975859148175436,0.235040249219354,-0.260253507023998,"L"
"847",-0.163692060891322,0.25248079370398,-0.225639979373251,"L"
"848",-0.0203385829191036,0.0873416598302931,-0.109923897203167,"W"
"849",-0.195062570842109,0.256377127113139,-0.172550057989806,"L"
"850",0.71434272870897,-0.598147052409083,-0.512609103936046,"W"
"851",0.0337694247163359,0.0713978835247546,-0.243092833904358,"W"
"852",0.660195054159002,-0.723013438784644,-0.516926925129319,"W"
"853",-0.283119743097176,0.242742475565972,-0.554890070103527,"L"
"854",-0.0687031438266017,0.0042723355298693,-0.120313737812646,"L"
"855",-0.10734103217332,0.0141441498529876,-0.240967759883675,"L"
"856",-0.131841557636162,0.0294376233198239,-0.154265256542342,"L"
"857",0.011408163601943,-0.126824256453566,0.077240407582306,"W"
"858",-0.0590773327338772,-0.0094155147996796,-0.232144209307703,"W"
"859",-0.161811027311584,0.0880188228923602,-0.359534481271216,"L"
"860",-0.326649531710724,0.222477470079476,-0.227745756596018,"W"
"861",-0.261662183087696,0.169801742545756,-0.307671125385388,"L"
"862",0.733386530905934,-0.61111455947659,-0.423185391097741,"L"
"863",0.733386530905934,-0.61111455947659,-0.423185391097741,"L"
"864",0.0528132269133004,0.0584303764572466,-0.153669121066053,"L"
"865",0.0833859806191818,-0.0154944609480372,0.305524917507849,"W"
"866",0.14292043276796,-0.0330756464040828,-0.00149359690616178,"W"
"867",-0.00353786615992836,0.105715942059072,-0.05263125558653,"W"
"868",-0.00353786615992836,0.105715942059072,-0.05263125558653,"W"
"869",0.794879963270678,-0.707419456384716,-0.200155236218137,"L"
"870",0.240417003246249,-0.172535932820235,0.237480509666759,"W"
"871",0.131278462753736,-0.0534801991445921,0.0446917538043118,"L"
"872",0.799804066926268,-0.714635820433315,-0.18374433261241,"L"
"873",0.0514273180013471,0.0543982905870367,0.0841083272800441,"W"
"874",0.818430500383855,-0.744843856617719,-0.113155328455177,"L"
"875",-0.0608041359427845,0.164360249661808,-0.0620847239172865,"W"
"876",-0.0221237032979718,-0.0197268125887159,0.203331363951796,"L"
"877",0.633330510300086,-0.64348544399018,-0.400808804352386,"W"
"878",-0.0221237032979718,-0.0197268125887159,0.203331363951796,"L"
"879",-0.14624279892647,0.0925537053068289,-0.010387773507147,"W"
"880",-0.20728646562686,0.105015997288323,0.163762958000409,"L"
"881",-0.00642721866087384,0.0837502050785742,-0.0324939028921253,"W"
"882",-0.129769074046371,0.197130491693921,-0.0751636872385657,"W"
"883",-0.174303310746086,0.235377613262216,-0.192405183412827,"L"
"884",-0.176462319146756,0.240811997233988,-0.220831235874353,"L"
"885",0.786616439931456,-0.743545146020203,-0.197770297794583,"W"
"886",-0.151060878698321,0.193419327545648,-0.0407757679417219,"W"
"887",-0.457762970229189,0.531705569744777,-0.504357981142561,"L"
"888",0.0680454471612395,-0.382108243083633,0.530202924152514,"W"
"889",-0.12469682813144,-0.126333042530451,0.189891170687882,"W"
"890",-0.150737304341263,-0.0982798386364301,0.15790390985512,"L"
"891",-0.175869009444799,-0.100704999357339,0.215463413774936,"W"
"892",-0.0678222891866212,-0.246257358970263,0.613430944781674,"W"
"893",-0.265371353660086,0.0533461482521689,-0.224490254299657,"L"
"894",-0.0457983960184448,-0.215664718819358,0.19802670347589,"W"
"895",-0.534117401416255,0.259841398110789,-0.0509033983961958,"L"
"896",-0.00763498207303694,0.0527588057623333,0.242335226020934,"W"
"897",0.0190466404406267,0.0608361474806062,0.314956476833078,"W"
"898",-0.188966265142894,0.223502804048513,0.241551911651972,"W"
"899",0.138499147316668,-0.0476227025882378,0.186092105470793,"W"
"900",0.0286724515333512,0.0471482971510572,0.20312600533802,"L"
"901",-0.0160524552740452,0.0861360127866489,0.226024611023647,"L"
"902",0.419190229151908,0.0965482079096551,-0.395033149760084,"L"
"903",0.0831309339677834,0.409125268059944,-0.403510122388866,"L"
"904",-0.225985456565897,-0.30623776375838,0.428203678973727,"W"
"905",-0.309471066237891,-0.231627570858419,0.479512259842922,"W"
"906",-0.283119743097178,-0.242742475565973,0.554890070103537,"W"
"907",0.52045439412906,-1.06576549113488,0.269299937388524,"W"
"908",-0.307870863605831,-0.206582328641435,0.305294706646676,"W"
"909",-0.260035860711375,-0.268059528787484,0.392962008377205,"W"
"910",-0.260035860711375,-0.268059528787484,0.392962008377205,"W"
"911",-0.387430905190777,-0.139043882894933,0.659671833423934,"W"
"912",0.131278462753736,0.0534801991445926,-0.0446917538043934,"W"
"913",0.729213645577397,-0.515880141669835,-0.564723594828493,"L"
"914",0.574926355326444,0.960574495958403,-0.195450122014249,"L"
"915",0.578307721685192,0.888880791881078,0.131634445285844,"L"
"916",0.683481065458488,0.845992650040307,0.162446315388843,"L"
"917",0.695380133545738,0.82849056327033,0.187165096464874,"L"
"918",1.41045675882081,0.123727080292802,-0.285391588581341,"L"
"919",0.799804066926267,0.714635820433315,0.183744332612396,"W"
"920",0.931274721396772,0.54209988761308,0.421224842279192,"W"
"921",0.597243429889548,0.90546563022092,0.0303392548785012,"L"
"922",0.720866060924236,0.807435572831605,-0.0401530995727376,"L"
"923",0.77063910992088,0.752132673909543,0.153889945047578,"L"
"924",0.0193177070547525,-0.0341248536550763,-0.0107487052365766,"W"
"925",-0.228035882185174,0.176359194365641,-0.116130638797181,"W"
"926",-0.121267820658389,0.0927385425305043,-0.0429790415890072,"W"
"927",-0.139005797336183,0.150451035020542,-0.151724111857414,"L"
"928",-0.0125237805497302,0.00543071598789219,-0.225321950899418,"W"
"929",-0.121267820658389,0.0927385425305043,-0.0429790415890072,"W"
"930",-0.0825010632154194,0.0364319579290661,0.0865502514656827,"W"
"931",-0.260035860711374,0.268059528787483,-0.392962008377138,"L"
"932",-0.260035860711374,0.268059528787483,-0.392962008377138,"L"
"933",0.160763022175977,-0.177741898947222,-0.0482564347040047,"W"
"934",-0.0664836878371092,0.0609926371073376,-0.00708597868109843,"L"
"935",0.736676529542887,-0.779044108640751,-0.167993629376787,"W"
"936",-0.190252921478246,0.139258511218454,0.0333324588641461,"L"
"937",-0.213495353526011,0.181216796935022,-0.118296956606959,"L"
"938",-0.106940767225699,0.0900830331344966,-0.124342851348332,"L"
"939",-0.149548215852903,0.169210636422168,-0.181336536719232,"L"
"940",-0.0218271807266425,-0.0334433096751369,0.142119892129209,"L"
"941",-0.496955013009114,0.477544753417584,-0.430249754336693,"L"
"942",-0.428999358515791,0.387710625498599,-0.167192984337573,"L"
"943",-0.253632167024319,0.192256045319287,-0.0317902412673631,"W"
"944",-0.0745439693922518,0.0528538363293945,-0.0631379981200688,"W"
"945",-0.205182318566171,0.22024175138599,-0.268072293494966,"L"
"946",-0.148615081583397,-0.0242803803800182,0.0443177401403589,"L"
"947",-0.251295397852283,0.129334986340894,-0.266343758862577,"W"
"948",-0.390137061850544,0.209963561960686,-0.130261040932395,"L"
"949",-0.0102060261939106,-0.172050146972712,0.226338146950441,"W"
"950",-0.367923581120801,0.18405293984647,0.0575397434280156,"W"
"951",-0.334852978087021,0.184577770143772,-0.197124685828218,"L"
"952",0.664440031898064,-0.831239509617509,-0.0708936368483047,"L"
"953",-0.00503828491386075,-0.151537074886064,0.205094555832158,"W"
"954",0.555762692706553,-0.754605638265112,-0.118217247344965,"W"
"955",-0.367876770170161,0.198625576688958,-0.0563688318820414,"L"
"956",-0.228978323289179,0.0742261206034104,-0.0405543819698267,"L"
"957",1.34618750682593,0.381296310156233,-0.476867681907337,"L"
"958",0.129681258284767,0.0305926401509072,-0.415404241305982,"L"
"959",-0.036579155822951,0.208471164716951,-0.621484210188828,"L"
"960",-0.113194488294908,0.23977099730054,-0.559757988700624,"L"
"961",-0.0121394518126717,0.15482008951152,-0.410591107374813,"L"
"962",-0.0678222891866194,0.246257358970265,-0.61343094478187,"L"
"963",-0.358637747113044,0.506098757081053,-0.664334343178069,"L"
"964",-0.185932133384575,-0.0303607475075675,-0.0151137203976498,"L"
"965",-0.263891972337461,0.0622229404559183,0.165045853183363,"W"
"966",-0.184149427324626,-0.0119034513792103,-0.14898151375902,"L"
"967",-0.036847558372751,-0.165750060903962,-0.141015543857204,"L"
"968",-0.0845346268227006,-0.132622318233818,-0.022747001558627,"W"
"969",-0.126497269235605,-0.042602388047115,-0.356598347624568,"L"
"970",-0.308172617729021,0.0594862892977644,-0.0676307930682137,"L"
"971",-0.263891972337461,0.0622229404559183,0.165045853183363,"L"
"972",-0.199777115176016,-0.00304639220013115,-0.0914252795210855,"L"
"973",0.672221918538572,1.0213512079121,-0.237101525468397,"L"
"974",1.5270149916945,0.175584208623005,-0.40521330355584,"L"
"975",0.594397316663733,-0.6750762828735,-0.467400585437621,"L"
"976",0.0211882051719095,-0.208024681156938,0.468688944344204,"W"
"977",0.620902315970262,-0.716830501535663,-0.370554135511225,"W"
"978",-0.0035378661599282,-0.105715942059072,0.0526312555864792,"L"
"979",-0.0035378661599282,-0.105715942059072,0.0526312555864792,"L"
"980",0.620902315970262,-0.716830501535663,-0.370554135511225,"W"
"981",0.682395748335006,-0.813135398443788,-0.14752398063162,"W"
"982",-0.228415577759752,0.140222733466016,-0.326563199040166,"L"
"983",0.626811240356969,-0.725490138393981,-0.350861051184353,"W"
"984",-0.288502983580817,0.137693677986559,-0.0304950895649847,"L"
"985",-0.31197315799449,0.195465517268894,-0.257344126005807,"L"
"986",-0.47047747021914,0.334856789169204,-0.104054986217518,"L"
"987",-0.0745439693922522,-0.0528538363293944,0.0631379981200211,"L"
"988",0.165231587291997,0.294176662364437,-0.64831751293002,"L"
"989",0.00104702918443666,0.474480767081814,-0.681985631706277,"L"
"990",0.0680454471612411,0.382108243083634,-0.530202924152685,"L"
"991",0.272812859547013,0.155281660228496,-0.453264910205182,"L"
"992",0.889508284295413,-0.443457369867309,-0.768912201614241,"L"
"993",-0.0283879789837971,0.42567553283659,-0.456925511779909,"L"
"994",0.196342039073183,0.126896069365331,0.0252385487164049,"L"
"995",0.0967272385712575,0.247614936219939,-0.100995963483988,"L"
"996",0.186220884264762,0.177360429909065,-0.0940395516866953,"W"
"997",0.324891819245585,0.0189594854493994,-0.0407285712995465,"L"
"998",0.00848447890043223,0.335695357529243,-0.0547338820209983,"L"
"999",0.845617598569904,0.868018251600726,-0.113550835299321,"L"
"1000",-0.0934536947677718,0.0885468482771372,-0.197944436094902,"L"
"1001",-0.0221237032979716,0.0197268125887154,-0.203331363951855,"W"
"1002",-0.290031765916354,0.260830975286116,-0.253327854926256,"L"
"1003",0.750163602000814,-0.78058029349811,-0.241595214123357,"W"
"1004",-0.12469682813144,0.126333042530451,-0.189891170687944,"L"
"1005",-0.0221237032979716,0.0197268125887154,-0.203331363951855,"W"
"1006",0.675867500131538,-0.665512850063627,-0.50729371837785,"L"
"1007",-0.0828589725489336,0.062210128379143,-0.0633628924043227,"W"
"1008",0.675867500131538,-0.665512850063627,-0.50729371837785,"W"
"1009",0.681776424518245,-0.674172486921946,-0.487600634050978,"W"
"1010",0.0514273180013474,-0.0543982905870371,-0.0841083272801459,"L"
"1011",-0.0690139907574924,0.0348957730717067,0.012948666719113,"L"
"1012",0.0854014019935633,-0.0874739369911198,-0.0856019241862703,"L"
"1013",-0.0648956834664321,0.0769585390199552,-0.105406344503699,"W"
"1014",-0.0690139907574924,0.0348957730717067,0.012948666719113,"L"
"1015",1.3908455046321,0.135172569950849,-0.313312243363679,"L"
"1016",0.736777199945999,0.762963287222523,0.0530504765944048,"L"
"1017",-0.037055328139657,0.104788524606782,-0.208467923508761,"W"
"1018",0.0833859806191828,0.0154944609480381,-0.30552491750802,"L"
"1019",0.774243698769707,-0.699141359485276,-0.489269250120393,"L"
"1020",0.117360064611399,-0.0175811854560445,-0.307018514414145,"L"
"1021",1.44287068251404,0.13372929714113,-0.310030062642564,"L"
"1022",1.49550072829873,0.0504138555204827,-0.116539534253267,"L"
"1023",1.46376919138524,0.100009576784265,-0.231336792414215,"L"
"1024",0.52045439412906,1.06576549113488,-0.269299937388422,"L"
"1025",0.63679237398096,0.911522665100302,-0.0164554817237216,"L"
"1026",0.63679237398096,0.911522665100302,-0.0164554817237216,"L"
"1027",0.786616439931456,0.743545146020205,0.197770297794527,"L"
"1028",1.50436411487879,0.0374244002330045,-0.0869999077629597,"L"
"1029",1.49550072829873,0.0504138555204827,-0.116539534253267,"W"
"1030",0.818430500383855,0.74484385661772,0.11315532845514,"W"
"1031",1.44287068251404,0.13372929714113,-0.310030062642564,"W"
"1032",0.575307936274263,1.01794771373339,-0.14441022250625,"L"
"1033",0.789265543378468,0.782340710093948,0.0833009408903211,"W"
"1034",0.762297378521411,0.803274233074967,-0.0405137926108759,"L"
"1035",0.794879963270678,0.707419456384716,0.200155236218128,"W"
"1036",0.682395748335006,0.813135398443788,0.147523980631635,"L"
"1037",1.41932014540087,0.0963048969081257,-0.223030154879576,"L"
"1038",1.50436411487879,-0.0374244002330032,0.0869999077629887,"W"
"1039",1.41833532466975,0.0977481697178455,-0.226312335600721,"L"
"1040",-0.225985456565896,0.306237763758379,-0.428203678973671,"L"
"1041",-0.0484506590699415,0.0746101928999619,0.0513085808691496,"L"
"1042",0.669925832512559,-0.584044211573209,-0.565780254154209,"L"
"1043",0.10788364958072,-0.0406912263465677,-0.122491718045075,"W"
"1044",-0.00694735631313277,0.0781158816395084,-0.269645845315243,"W"
"1045",0.696430831819089,-0.625798430235372,-0.468933804227813,"W"
"1046",-0.104676740780303,0.151514111084767,-0.23284809014136,"L"
"1047",-0.104676740780303,0.151514111084767,-0.23284809014136,"L"
"1048",0.616244299918205,0.423217732380479,0.316427929257956,"W"
"1049",0.551186343020996,0.486721941444492,0.363316846608103,"L"
"1050",0.71520434907898,0.327967547511766,0.237373072608028,"W"
"1051",1.34618750682593,-0.381296310156232,0.476867681907362,"W"
"1052",1.36373563742283,0.00865963685831812,-0.0196930843267782,"W"
"1053",0.870766109763145,0.447238263514674,0.640972816437722,"L"
"1054",0.681776424518243,0.674172486921945,0.487600634051007,"L"
"1055",0.496172891183048,0.892878053450576,0.145926755809536,"W"
"1056",0.626811240356968,0.725490138393981,0.350861051184433,"L"
"1057",0.605009164742359,0.736382615301088,0.424237741646749,"W"
"1058",0.634871521912111,0.733628939171924,0.406913070623403,"L"
"1059",1.41636568320751,-0.074655804762329,0.173797444062519,"L"
"1060",0.819990660682834,-0.661354354693155,-0.228201265802321,"L"
"1061",0.14292043276796,0.0330756464040826,0.00149359690608592,"L"
"1062",0.854374225838306,-0.714654755833076,-0.105097370106763,"L"
"1063",-0.0819572788318638,0.279014321929171,-0.37770085772056,"L"
"1064",0.117360064611398,0.0175811854560456,0.307018514413972,"W"
"1065",0.367795060403338,-0.256690644353712,0.383918724099652,"W"
"1066",-0.0339316258952781,0.19633587849109,-0.153979090210739,"L"
"1067",0.0639824267659289,0.125875398802373,-0.222403835279048,"L"
"1068",0.178813432659782,0.00706829081629681,-0.0752497080088798,"W"
"1069",0.0854014019935632,0.0874739369911195,0.0856019241861674,"W"
"1070",0.0224791240091202,0.122369710062826,0.0985505909053448,"L"
"1071",0.731607602931244,-0.467051601716559,-0.936089529781989,"L"
"1072",0.0211882051719115,0.20802468115694,-0.468688944344382,"L"
"1073",0.725120082771741,-0.682331133309683,-0.314637733304564,"L"
"1074",-0.0390597143564231,0.0768424523994988,-0.0473061716321969,"L"
"1075",0.0236482699079132,0.0209335229810186,-0.123814733501225,"W"
"1076",-0.0406599169884831,0.0517972101825156,0.126911381564049,"W"
"1077",0.845617598569904,-0.868018251600725,0.113550835299231,"W"
"1078",0.756851619685231,-0.731926854573466,-0.199840475143616,"W"
"1079",0.551186343020997,-0.486721941444494,-0.363316846608044,"W"
"1080",0.0193177070547524,0.0341248536550753,0.0107487052365155,"L"
"1081",0.18622088426476,-0.177360429909065,0.0940395516866126,"L"
"1082",0.77063910992088,-0.752132673909543,-0.153889945047583,"W"
"1083",-0.205183725650532,0.205912766569403,-0.0532719575866734,"L"
"1084",0.115674391662179,-0.063504209064014,-0.0468889173501752,"L"
"1085",0.789265543378467,-0.782340710093947,-0.0833009408903486,"L"
"1086",-0.138309538890641,0.202653946097306,-0.323456428848519,"L"
"1087",0.298637423545112,-0.278052234475797,-0.18049398170322,"L"
"1088",0.172001699138238,-0.144298589272085,-0.190376326833292,"L"
"1089",-0.193502870597604,0.159722304409536,-0.108086713334169,"W"
"1090",-0.0118275221041879,0.0576336270646563,-0.397054267890523,"L"
"1091",0.172001699138238,-0.144298589272085,-0.190376326833292,"W"
"1092",-0.0957020902634372,0.123526342809634,-0.266462743477619,"L"
"1093",-0.0118275221041879,0.0576336270646563,-0.397054267890523,"L"
"1094",-0.0218271807266421,0.0334433096751381,-0.142119892129322,"W"
"1095",-0.0712623862531579,0.0698752676042039,-0.0555696406636048,"L"
"1096",0.854374225838306,0.714654755833077,0.105097370106723,"W"
"1097",0.566805534375989,0.987243688873632,-0.0296252995220614,"L"
"1098",0.711708929758335,0.82775673599731,0.216271537379982,"L"
"1099",0.731607602931241,0.46705160171656,0.936089529781955,"W"
"1100",0.594397316663731,0.675076282873498,0.467400585437738,"W"
"1101",0.669925832512557,0.584044211573208,0.565780254154294,"W"
"1102",0.562000518830284,0.7123054796786,0.406195732209475,"L"
"1103",0.742774531491225,0.54335298522664,0.443288536109265,"L"
"1104",1.3908455046321,-0.13517256995085,0.313312243363841,"W"
"1105",0.81638750957484,0.448456249830988,0.543488433846561,"W"
"1106",0.633330510300084,0.643485443990179,0.400808804352522,"L"
"1107",0.729213645577395,0.515880141669834,0.56472359482858,"W"
"1108",0.742774531491225,0.54335298522664,0.443288536109265,"L"
"1109",1.41833532466975,-0.0977481697178458,0.22631233560085,"W"
"1110",1.41045675882081,0.0833154416206474,-0.193490528389259,"L"
"1111",1.41045675882081,0.0833154416206474,-0.193490528389259,"L"
"1112",1.49550072829873,-0.0504138555204815,0.116539534253306,"W"
"1113",1.41045675882081,0.0833154416206474,-0.193490528389259,"L"
"1114",1.41045675882081,0.0833154416206474,-0.193490528389259,"L"
"1115",0.819990660682834,0.661354354693155,0.22820126580232,"W"
"1116",0.756851619685231,0.731926854573465,0.199840475143626,"L"
"1117",1.49550072829873,-0.0504138555204815,0.116539534253306,"L"
"1118",0.58481033055909,0.885749520791029,0.0654197285147694,"W"
"1119",0.532421969220516,0.93394328773371,0.0934785961735363,"L"
"1120",1.41636568320751,0.0746558047623285,-0.173797444062387,"W"
"1121",1.41045675882081,0.0833154416206474,-0.193490528389259,"L"
"1122",-0.0390597143564229,-0.0768424523994996,0.0473061716321625,"W"
"1123",-0.30787086360583,0.206582328641434,-0.305294706646581,"L"
"1124",-0.294859874771924,0.129070314169904,-0.00596578595448292,"W"
"1125",-0.126217758818815,0.017017523731265,0.0558625419734283,"L"
"1126",0.0980110179923408,0.210198154642182,0.0736004011768826,"W"
"1127",-0.0351422807189206,0.36041737761991,-0.159672859357285,"W"
"1128",0.0200511790394551,0.302781842605668,0.253759974757895,"L"
"1129",0.162319204888737,0.179334467440685,-0.177125713888392,"L"
"1130",0.816387509574841,-0.448456249830989,-0.543488433846476,"L"
"1131",0.842892508881371,-0.490210468493152,-0.44664198392008,"L"
"1132",0.324891819245584,-0.0189594854493982,0.0407285712994458,"W"
"1133",0.0200511790394551,0.302781842605668,0.253759974757895,"L"
"1134",-0.20230550034873,0.110803476027456,-0.263085648101095,"W"
"1135",-0.175869009444798,0.100704999357339,-0.215463413774999,"L"
"1136",0.711708929758336,-0.827756735997308,-0.216271537380049,"W"
"1137",0.135108185740587,-0.201283874216647,-0.265478731932094,"L"
"1138",0.250482481788443,0.129465235296082,-0.177402054527791,"L"
"1139",0.853543262580035,-0.446715938478639,-0.692831305693584,"L"
"1140",0.264996080341666,0.138391265410165,-0.346389219510846,"L"
